epoch,frame,loss,loss0,loss1,loss2,walltime,memory,vx_err_linf,vx_err_l1,vx_err_l2,vy_err_linf,vy_err_l1,vy_err_l2,p_err_linf,p_err_l1,p_err_l2,chi_err_linf,chi_err_l1,chi_err_l2
0,1,0.06120112105006809,0.24738860331484167,0.0,0.0,13.089202404022217,597.390625,1.2449175773624972,0.5912135974114118,0.6840065095238977,0.8936388972644685,0.07990409601329632,0.15827060177153152,2.0001071673716546,0.35285437863533864,0.4817041834853078,0.0,0.0,0.0
1,1,0.05965813077899372,0.24333226528279972,0.0020537784634433913,0.021055199960057138,13.265133142471313,601.21484375,1.2434443233205759,0.5902302324746803,0.6824373832654014,0.8936388972644685,0.07990409601329632,0.15827060177153152,2.0001978841207153,0.35270199131059116,0.4814845988186405,0.0,0.0,0.0
2,1,0.05952502050569755,0.24295701333713604,0.00217765410314973,0.02218485967057928,13.362950801849365,601.98828125,1.2432138438185398,0.590142019060223,0.6823061193565421,0.8936175916911077,0.07989938084702437,0.15826444983843846,2.0001626415314893,0.3526858393443023,0.4814671868698478,0.0,0.0,0.0
3,1,0.05942526770230025,0.2428392051145601,0.0020779477797376747,0.021214860231769987,13.441702127456665,602.50390625,1.2431490924470683,0.5901700294272034,0.6823495162965144,0.8935957214842589,0.07989541580313762,0.15825854179166654,2.0001159635229464,0.3526885254348237,0.48147501901443684,0.0,0.0,0.0
4,1,0.05858843102045463,0.24064465781061614,0.003553741724413487,0.025806018821628682,13.524250030517578,603.01953125,1.240537549446131,0.5896248814007986,0.6815502269368311,0.8932023248258267,0.07984822700957905,0.158161742351553,1.9997227842674208,0.3526381021809399,0.4813957862516923,0.0,0.0,0.0
5,1,0.05816241567524545,0.23901974443833254,0.005187773620137071,0.0317027514380985,13.622366666793823,603.53515625,1.2383455661037006,0.5891320401947571,0.6807406648965382,0.8928601812922011,0.07978694949407318,0.15806888020374615,2.0004883821107775,0.3525821881115292,0.4813102750316351,0.0,0.0,0.0
6,1,0.057941653846348126,0.23782848424238215,0.005646544955615625,0.03670670864274437,13.699831485748291,604.05078125,1.2369694468682797,0.5887351479313726,0.6801468719270112,0.8926511693533699,0.07976378482993315,0.15802087452095032,2.000956695383019,0.35253911409386696,0.48124743798842656,0.0,0.0,0.0
7,1,0.05761672448836694,0.23596578327846246,0.008577677152314458,0.04316592481135193,13.7783784866333,604.56640625,1.2342259492087688,0.5880801244382878,0.6791802877172735,0.8920873482018613,0.07967358258296203,0.15787488849741282,2.0019889377331035,0.3524865661549298,0.48117063971735835,0.0,0.0,0.0
8,1,0.05735541465589286,0.2334269308503823,0.014782073933029752,0.051466230675095585,13.858246326446533,605.08203125,1.2292308651316577,0.5870489191635272,0.6776610588222729,0.8910516527251426,0.0795822574158039,0.15765519372627537,2.0039675233459806,0.35242781421911573,0.48108503393991414,0.0,0.0,0.0
9,1,0.05702359945284765,0.2333964234596312,0.010690983953364626,0.04934989190676165,13.936398267745972,605.59765625,1.2284346619897724,0.5869967229944273,0.6776017206794188,0.8907182177507785,0.07950695991611019,0.1575612213090955,2.0043618220815804,0.35244994718545464,0.4811174248617484,0.0,0.0,0.0
10,1,0.056776634010665676,0.23350382542024453,0.012121116947131638,0.04588764592710764,14.014578104019165,606.11328125,1.2268940804075745,0.586891025799714,0.6774731740123004,0.8901448999855103,0.07941037120781627,0.15741677825694167,2.0051086351453886,0.35249193433237347,0.4811794190984718,0.0,0.0,0.0
11,1,0.056575947319145115,0.23318171474128382,0.014237734472146334,0.04471601666696514,14.093026399612427,606.62890625,1.2247153269163216,0.5865976703875052,0.6770691305114177,0.8893739047678281,0.07931311969521984,0.1572500544966869,2.0060297224224457,0.35252122686917725,0.4812269029861323,0.0,0.0,0.0
12,1,0.05621899159646782,0.23228756802189351,0.01755728489964451,0.044195238271727166,14.1735360622406,607.14453125,1.2188859378643384,0.5857025668444015,0.6758266770936372,0.8874449228118376,0.07905151791593551,0.15680378148138255,2.008449211012781,0.3525857727326086,0.4813391024291621,0.0,0.0,0.0
13,1,0.05589925621823053,0.23094350785243198,0.018975355952391484,0.046949848407894464,14.254207611083984,607.66015625,1.2153227630847432,0.5850076928398757,0.6748442894204506,0.8862029960739312,0.07890432658423736,0.15655084071746644,2.0097150295526722,0.3526015029015465,0.48137933021568846,0.0,0.0,0.0
14,1,0.055624015077710184,0.22941099376292173,0.020347454469138198,0.050799528689203614,14.335788249969482,608.17578125,1.2120885810249251,0.5842899016633831,0.6738271916478945,0.8850742947577604,0.07876529727782432,0.15631699827453827,2.010674990778585,0.35260776922955134,0.48140899117987185,0.0,0.0,0.0
15,1,0.055281796776774736,0.22809425709090483,0.021626596592956127,0.052792963344829316,14.41703200340271,608.69140625,1.2082467185000443,0.5835077753382475,0.6727412337777456,0.8835342724010249,0.07856982025293105,0.1560021150836184,2.011596494480566,0.3526526093694199,0.4814993349127742,0.0,0.0,0.0
16,1,0.054800242973230336,0.22591561410496439,0.02394988756133667,0.056469293980060405,14.512602090835571,609.20703125,1.1995688016794552,0.5817187773951302,0.6702782587170693,0.8798428619167866,0.07808692200498688,0.1552687897670186,2.01293614457394,0.35278374317286665,0.4817420017363454,0.0,0.0,0.0
17,1,0.05454527770902025,0.22432974690674065,0.026832824067044864,0.05917298297673488,14.611146211624146,609.98046875,1.1911938300005023,0.580016875629814,0.6679619437960308,0.876132427138713,0.07762545104355635,0.1545415800722016,2.0139497725395974,0.3529408978938372,0.48200778922137183,0.0,0.0,0.0
18,1,0.054280451791746745,0.22448810686468726,0.025395760434124472,0.0569262419278495,14.692418098449707,610.49609375,1.1932939008332417,0.5804457460651804,0.6685578764885687,0.8769249321708372,0.07773019048150907,0.1547071826621327,2.0132723662387573,0.3529215264001413,0.4819626423650012,0.0,0.0,0.0
19,1,0.05410549092564464,0.22449613721377826,0.024606374103957426,0.055691127257339504,14.773463487625122,611.01171875,1.1930968672505027,0.5803982692455054,0.6685055755342122,0.8767157381476678,0.07771217433208638,0.1546820041863036,2.0127352000257877,0.35294429971494523,0.48198167897159083,0.0,0.0,0.0
20,1,0.053877838332518385,0.22400449376658335,0.02425963181690747,0.055778986805097124,14.857741117477417,611.52734375,1.190566603909267,0.5798489909114691,0.6677660040928217,0.8755597375357715,0.07757768271242217,0.15447859864347993,2.0122450742555493,0.3529994721253925,0.48204313602375415,0.0,0.0,0.0
21,1,0.05337414968882222,0.22233017468237484,0.024477646557387413,0.05782981872303013,14.939680576324463,612.04296875,1.1826271534835784,0.5781501770412941,0.6654703547783616,0.8722180975495636,0.07720810485909732,0.1538703102801122,2.0113327981605496,0.35313287974179125,0.482172719266531,0.0,0.0,0.0
22,1,0.05317089900935391,0.2214524371311582,0.025184681903816574,0.05912232146514468,15.043023824691772,612.55859375,1.1780811710021906,0.5771684404443409,0.6641487172614603,0.8704250976710093,0.07696328934973762,0.15354652567793325,2.010587743988286,0.35319952438480173,0.4822057227470675,0.0,0.0,0.0
23,1,0.05280117598420899,0.21965625566465175,0.02520750516979766,0.06258503826561711,15.125824689865112,613.07421875,1.1694785401724785,0.5753348553168128,0.6616844031528405,0.866976597919193,0.07658262017215778,0.15290766597395225,2.009991211101817,0.3533258431206095,0.48229524160828346,0.0,0.0,0.0
24,1,0.05255493570945114,0.21822606688248086,0.02593782370399645,0.06526521848545772,15.210098028182983,613.58984375,1.16288859981247,0.5739529203188718,0.6598379773364476,0.8644417495035888,0.07633415554249107,0.15242960713419365,2.0095906501872562,0.35339389020444795,0.48230842622131476,0.0,0.0,0.0
25,1,0.052253683511775,0.21684229742030287,0.02593782070016619,0.06753022300115659,15.300737142562866,614.10546875,1.1554282523321895,0.5723959367523355,0.6577779387340701,0.8617682099590624,0.0760384020112354,0.15193051194664556,2.0085219823179488,0.35341777662932256,0.4822023297700068,0.0,0.0,0.0
26,1,0.05197962849598477,0.2164061186362608,0.02489679596371751,0.06729167752043637,15.384267568588257,614.62109375,1.1525410849483875,0.5718149458117772,0.657024992039348,0.8607588800806665,0.07596315484281055,0.1517363368554207,2.0077357562665488,0.35337644227859644,0.48207280442335737,0.0,0.0,0.0
27,1,0.05159376441633581,0.2160364250379132,0.02372654825872181,0.0660233169486392,15.469606876373291,615.13671875,1.1477643138900908,0.5708699924879989,0.6558200137402201,0.8590794724878513,0.07582722434228374,0.1514182268302206,2.005994894094096,0.3532642015896236,0.4817790043884469,0.0,0.0,0.0
28,1,0.05132763597121133,0.21560942619277598,0.023321355286791603,0.06554636294730971,15.626988887786865,615.65234375,1.1420511364225894,0.5697154751493874,0.6543466348573769,0.8568876263992365,0.07566466745429665,0.1509973282735242,2.004138554477023,0.3531321944206007,0.48144741736468444,0.0,0.0,0.0
29,1,0.05098886171882769,0.21478143152556445,0.022997408585060518,0.06579451032592869,15.778866529464722,616.16796875,1.134434830485098,0.5681546124524898,0.6523558908077352,0.853950892296036,0.07538873322786441,0.1504425079997848,2.002258296575725,0.35299760261456636,0.4810840795013118,0.0,0.0,0.0
30,1,0.050585627176211304,0.21342196357675078,0.023014057386238455,0.06713453509095216,16.056936502456665,616.68359375,1.1252019179498334,0.5662350348691428,0.6499152544608205,0.8502531187558403,0.0750481646995842,0.149740123864925,2.0003673509047997,0.3528102521882844,0.48062933164059063,0.0,0.0,0.0
31,1,0.05032272960921418,0.21146698076907244,0.027770461224800102,0.06952155879285794,16.21230673789978,617.19921875,1.1104049661637387,0.5632271939638385,0.6460429031916088,0.8441761085374389,0.0745442528443165,0.14858613371196958,1.9971501431447134,0.3523964557418654,0.4797185504243552,0.0,0.0,0.0
32,1,0.049884334754178576,0.2107295808713492,0.023404202259305475,0.07021126559584008,16.299206018447876,617.71484375,1.1066098381536538,0.5624614278765407,0.6450463029176552,0.8425191684665774,0.07437795016587956,0.14826573361094803,1.9964937523823523,0.35224755747031894,0.47943924794891946,0.0,0.0,0.0
33,1,0.04965599750663753,0.2103226529932119,0.022772419718359443,0.07001282771539355,16.385236024856567,618.23046875,1.1053958569766869,0.5622144111203154,0.6447317873357179,0.841887203022125,0.07433927722813702,0.1481478916446319,1.9960797075496992,0.35210469242490466,0.47921368497052974,0.0,0.0,0.0
34,1,0.049273832500974224,0.20947156409366693,0.022431328474792858,0.06994520598284744,16.544732809066772,618.74609375,1.099591179926455,0.5610523612136227,0.6432361992418939,0.8391009822425555,0.0741426840850654,0.1476339093291454,1.994153222244191,0.3517174069923606,0.47850899151407744,0.0,0.0,0.0
35,1,0.04876491824729285,0.20793171485023662,0.02243822820608659,0.07089320222492647,16.687143802642822,619.26171875,1.0893090183693612,0.5589385976251737,0.6405041309192321,0.8340612397267518,0.07378516159538188,0.146740446058001,1.9909530441784467,0.3511776375919183,0.4774413583800819,0.0,0.0,0.0
36,1,0.04839204806503584,0.2060790299434411,0.022812658087168196,0.07350553797914892,16.80615472793579,619.77734375,1.0758220511506975,0.5561383183760593,0.6368949166174812,0.8271467305178626,0.07320150480229498,0.14546881635399503,1.9869210012698841,0.35053614790048876,0.47611718378746787,0.0,0.0,0.0
37,1,0.04789962112077642,0.2043875190290521,0.02167892707622305,0.07520230918495181,16.89336347579956,620.29296875,1.0637481458159452,0.5536089099794297,0.6336556648000982,0.8210488021446589,0.07279647724215713,0.1444388151928596,1.9831380077468475,0.3500176220996769,0.47496279141789066,0.0,0.0,0.0
38,1,0.04757811376923121,0.20320752914528203,0.021275536668308722,0.07636861532970214,16.981421947479248,620.80859375,1.0566908595272502,0.5520627829555759,0.6316801009784004,0.8171789162065543,0.07251609700625074,0.1437914199327802,1.9808582021996077,0.34971807538656025,0.4742701969375248,0.0,0.0,0.0
39,1,0.047163580052771194,0.20129847965396583,0.02252839156516768,0.07832607302335269,17.071412324905396,621.32421875,1.0455003496746778,0.5495051823012456,0.628426671510566,0.810604377130334,0.07214499219264878,0.14274853138473453,1.9770338369608271,0.3491628013297568,0.47302651652600014,0.0,0.0,0.0
40,1,0.04673231874929084,0.19956917030072177,0.023024101543200837,0.07983956264221848,17.170348167419434,621.83984375,1.0361097464811717,0.5472496298205578,0.6255727963928943,0.8046160073184692,0.07169821851295217,0.14176047597432828,1.9735410076756525,0.34861500900366216,0.4718166511703136,0.0,0.0,0.0
41,1,0.046342752735059195,0.19845033699208767,0.02285858755242526,0.08023528810875019,17.26037335395813,622.35546875,1.03259170552692,0.5463031217686045,0.6243785120426107,0.8019847956813295,0.07153862755843836,0.14134715430273892,1.9720187486911507,0.3483154288286115,0.47119682579888217,0.0,0.0,0.0
42,1,0.04579326644038195,0.19620963127576563,0.02537715599555119,0.08155395139775572,17.349864721298218,622.87109375,1.0229611821304891,0.5436793016491632,0.6210899000730569,0.7949848421509011,0.07126747052510356,0.1403001470719354,1.967689746198767,0.347508218895657,0.4694639237463915,0.0,0.0,0.0
43,1,0.04542146091826011,0.19501287717420251,0.024950664269536123,0.08227334323466139,17.453157901763916,623.38671875,1.0169890692607542,0.5420978420481102,0.6191272469646142,0.7908162742585507,0.07095880530457745,0.13962883711972884,1.9650509791173785,0.34711711468385387,0.468535451868202,0.0,0.0,0.0
44,1,0.04509852714489671,0.19396955144936448,0.024436942927001076,0.08292874095156369,17.54537010192871,623.90234375,1.0119704970594985,0.5408192185276202,0.6175505415791489,0.7876909466560185,0.07078300655951004,0.13914394521466641,1.9630302214769015,0.3468653577000635,0.46789191275895303,0.0,0.0,0.0
45,1,0.04413362783751534,0.1902521650755746,0.02498293321251683,0.08551955665033924,17.635973930358887,624.41796875,0.9923610597878003,0.5355069201232756,0.6110504776206426,0.7747601884900776,0.07012857480575767,0.13719747781977817,1.9547215829374764,0.34582618206646015,0.4651860797816444,0.0,0.0,0.0
46,1,0.04374563137346856,0.18781013654773562,0.027801247516875863,0.08775006905920284,17.736952304840088,624.93359375,0.9797875464568748,0.5317553150816071,0.606508752802849,0.765700331842337,0.06973900834195557,0.13590476477009567,1.9489551651730987,0.34510035180334353,0.4632660395700738,0.0,0.0,0.0
47,1,0.043187710045947444,0.18606040493007822,0.027445652521064103,0.08840798561722682,17.830273866653442,625.44921875,0.972078008288321,0.529272986472597,0.6035206664721814,0.7598644207645228,0.06948725419208493,0.13507422449214762,1.9451981673687087,0.34463656806727927,0.4620076962768031,0.0,0.0,0.0
48,1,0.04254188575941737,0.18404869821069428,0.02782947821224927,0.08884527330590018,17.928003549575806,625.96484375,0.9655115382002482,0.5265862560307506,0.600304837962682,0.7538193288751682,0.06927608122662401,0.13425836025318946,1.9410606694908732,0.3441315028847425,0.4606126189505856,0.0,0.0,0.0
49,1,0.04212479601657559,0.18267190544427084,0.028090878079090525,0.08925622413412208,18.020443439483643,626.48046875,0.9602541231265156,0.5242537126601611,0.5975441675258374,0.7487149985948308,0.0691270384670379,0.1335995984318249,1.9373301748513196,0.3437182333601464,0.4594536537549558,0.0,0.0,0.0
50,1,0.041662972853683276,0.1810587856458057,0.028409656062283635,0.0898531047686846,18.1182119846344,626.99609375,0.9541242855373948,0.5213911117118534,0.5941887979561803,0.7427521730795362,0.06890740329799871,0.13278685261707837,1.9326360514149241,0.3432510645555923,0.45810175051970076,0.0,0.0,0.0
100,1,0.0214365266533779,0.12598157559713713,0.04467973116076889,0.05974019490127348,20.451167345046997,627.51171875,1.0751282478049227,0.37192656812364294,0.43069196126949044,0.46872503068204147,0.05628047654081337,0.0985115584599374,1.6535362973421033,0.302805008482658,0.38505960885592927,0.0,0.0,0.0
150,1,0.013903617204290066,0.10685508684449833,0.04465626571564729,0.02216812017466274,22.964069604873657,627.51171875,1.113283490851278,0.3208034707217254,0.37707812077211167,0.47331185057739755,0.053541606460844694,0.0893289754297196,1.5157583767748957,0.2537631228586347,0.3246909889665849,0.0,0.0,0.0
200,1,0.009802195698512359,0.08610638031334403,0.04174319340451499,0.02540458171746536,25.267623901367188,627.51171875,1.0449492667469513,0.27794273313105927,0.32844847308810105,0.47780007740784375,0.04603779163805669,0.0772488374663411,1.4294949947609075,0.22961064221256702,0.293239909342871,0.0,0.0,0.0
250,1,0.006507088639291181,0.06881890747854257,0.034064739864061534,0.024711133335903385,31.751240253448486,627.51171875,0.9264475135797114,0.2439395448851677,0.28995909147855875,0.4753648651014284,0.03948372439251226,0.06586970179695197,1.3914429584697456,0.22087268982577177,0.2811725399323308,0.0,0.0,0.0
300,1,0.0038309836507176565,0.05306442824387551,0.02743151104692316,0.016206859891748818,34.02877187728882,627.51171875,0.8221192535090037,0.21529940548104057,0.258444069560691,0.4502449722240502,0.03335366641181191,0.056054695290814194,1.3413456179600027,0.19798127267087617,0.2587208100671871,0.0,0.0,0.0
350,1,0.0031374633893784154,0.049048445461861025,0.02542965666515884,0.00922203605747683,36.33029794692993,627.51171875,0.7768232382163315,0.20549297163228197,0.24721506883613265,0.4335235041109341,0.03171527594692699,0.05296877098176062,1.3404188666827979,0.1943911502487617,0.2559939839453034,0.0,0.0,0.0
400,1,0.002800432869940156,0.04604676640803649,0.023774575112083664,0.01071903687575383,38.740052223205566,627.51171875,0.7340875004547935,0.19744169028390166,0.2374608971376296,0.41796821358122793,0.030166547008813133,0.05050445680301817,1.3448444727989166,0.19356498808033212,0.2562294465302255,0.0,0.0,0.0
450,1,0.0019257889739693317,0.03526297544333649,0.019239469778625562,0.017667890068973527,41.07329249382019,627.51171875,0.6037511956758408,0.17656542970271552,0.21225400644006676,0.3654027452530147,0.025698644900912185,0.04329240856932915,1.3444245542188185,0.18117890519453436,0.24887072063948007,0.0,0.0,0.0
500,1,0.0010880688768827543,0.02630484440168552,0.01574534686972795,0.012174074496150275,43.33411002159119,627.51171875,0.5037451186390669,0.1571606762874006,0.1894736360338535,0.31345043558959723,0.02275637796469058,0.03798018666745646,1.3337802189288173,0.16529189624518334,0.23885650908372497,0.0,0.0,0.0
550,1,0.000806624195910859,0.023216134596639106,0.01469160672192155,0.007196664660103676,45.572378158569336,627.51171875,0.4655107812749262,0.15032700733574184,0.18122381506387794,0.2973339284191414,0.02188803142525702,0.0364784559280905,1.3232403336320364,0.15782624899061667,0.23358977109053783,0.0,0.0,0.0
600,1,0.0007022479660013011,0.021745773975503396,0.014192891385761543,0.005284989528806664,47.84877943992615,627.51171875,0.44742501553782166,0.14683589252038037,0.1772088124305282,0.29190789160959457,0.021163663708750908,0.03551116780471506,1.3165078190346784,0.15421271926444452,0.23099294931531325,0.0,0.0,0.0
650,1,0.0006284153015402482,0.020200174280876386,0.01384018183270067,0.005368205230824422,50.28388500213623,627.51171875,0.4330663919429687,0.1437018212708175,0.17379055407724645,0.28991965084511645,0.02038684131158351,0.03462817177023754,1.3077048112051124,0.15089067727016262,0.22817778137836672,0.0,0.0,0.0
700,1,0.0005686537526430036,0.01918032467962056,0.013270264003144863,0.0049667888131246065,52.89806079864502,627.51171875,0.4210875350284835,0.1397747329703759,0.16969538624568037,0.28885191667402205,0.019528677618739353,0.03357854458659751,1.2968752327439104,0.1470268719143583,0.22437824091888545,0.0,0.0,0.0
750,1,0.0005134047959364795,0.01842917957530072,0.01257848891364677,0.003943571067834774,59.20421838760376,627.51171875,0.40798759610122237,0.13491649155134672,0.16447643124263303,0.2873262574772506,0.01872893474763436,0.03243044896973075,1.2816788409315172,0.14272182384066948,0.21995674404540783,0.0,0.0,0.0
800,1,0.00046435527615674424,0.017374151535482316,0.011936672004681131,0.004473253405688468,61.59035921096802,627.51171875,0.39215818028341787,0.12919574908741083,0.15789278483554287,0.28501514928298505,0.017926015408547,0.031218696595618288,1.2666860712542063,0.13870925501719375,0.2156725181636294,0.0,0.0,0.0
850,1,0.0003973098666946365,0.015737895028322332,0.010954671255733486,0.005442766249890791,67.74120306968689,627.51171875,0.3623370326347358,0.1180333893889486,0.1446050694595313,0.28151911883060915,0.016373544709758842,0.028861739055260245,1.238213482882764,0.13102068944380182,0.2077512659427575,0.0,0.0,0.0
900,1,0.0003232360447473774,0.014163711318017743,0.010038125970966764,0.004675612627050707,71.49993658065796,627.51171875,0.3255894247575578,0.10386237097041118,0.1271680095718835,0.27725576737107704,0.014546117695051505,0.026125903356605997,1.239011001188051,0.12111134128840088,0.19795188543499073,0.0,0.0,0.0
950,1,0.00028738564221755846,0.013502297653052959,0.00970065935283905,0.0033122210714406257,73.81535148620605,627.51171875,0.30999114773163183,0.09756591957266772,0.11938784744764802,0.2751932523898362,0.013838190404755793,0.02500038124041118,1.2522663323984777,0.1169021148691053,0.19368095930166773,0.0,0.0,0.0
1000,1,0.00026869839431693316,0.013092756040903554,0.009433112906690742,0.0028800198714490164,84.2841420173645,627.51171875,0.30116056341554354,0.09445752568434111,0.11553038937463236,0.27348820621393005,0.013444818424549684,0.024318865625446058,1.2589034657335598,0.11428346042647476,0.19088176673868215,0.0,0.0,0.0
1050,1,0.0002474130037295337,0.01246818015415198,0.009027092407160486,0.0032355973244101222,86.80797672271729,627.51171875,0.28674443064162636,0.090274495725038,0.11030290882156564,0.269760072458564,0.012883306240925216,0.023167065073133198,1.266302715049977,0.11016773176212385,0.18631923798556688,0.0,0.0,0.0
1100,1,0.0002164936877727911,0.011636998399975392,0.008349397707933134,0.003370684489316994,89.36718487739563,627.51171875,0.2623403494885891,0.08413877462212331,0.10253025556082807,0.26351617137404215,0.01204734814002086,0.021337229625558438,1.2787797644246979,0.10299784999861153,0.17852456415918463,0.0,0.0,0.0
1150,1,0.00019321822009937478,0.0110860988133986,0.0078127720175774,0.0030458540018025336,91.95463466644287,627.51171875,0.2447360768206902,0.07931811078548487,0.09642605653733628,0.2595193146972782,0.011445785249957745,0.0200022759759383,1.2903723359146717,0.09718916902509729,0.17236870239952917,0.0,0.0,0.0
1200,1,0.0001762701458459343,0.010570176348332325,0.007442757693066492,0.0030243802230192156,94.26027774810791,627.51171875,0.23190005603652586,0.07473200884179473,0.09069609087315231,0.25710580260975424,0.01084375699764653,0.018864013527020003,1.3025425745089283,0.09184652483873544,0.1668671767047511,0.0,0.0,0.0
1250,1,0.00016183788530206152,0.010037163839388978,0.007210700131412026,0.0030164600077207102,96.81000328063965,627.51171875,0.22450199415094474,0.07070400991155185,0.08582936568444728,0.2562799446391986,0.010295190333653864,0.017962777724206583,1.3147285927611625,0.0876421367864158,0.16262181820593513,0.0,0.0,0.0
1300,1,0.00014720359060367598,0.009539233932614273,0.006932611760898109,0.0028540323675798783,99.245365858078,627.51171875,0.2188152010231793,0.06599069368153448,0.08025847892869781,0.255999188109237,0.009698010944791547,0.017011111161966994,1.3288228491017695,0.08306501094651,0.15835272101673808,0.0,0.0,0.0
1350,1,0.00012917665784226316,0.008930430292452265,0.006532745386240563,0.0025975585368701016,101.58050847053528,627.51171875,0.20843124566483384,0.0587591350910117,0.07150979569198192,0.25494835110137193,0.008800646728547122,0.015568695699239526,1.3514498203868763,0.07579824878949275,0.15203428949463835,0.0,0.0,0.0
1400,1,0.00011336703647483392,0.008349831189156814,0.006191467191741177,0.002305014013191821,103.89001631736755,627.51171875,0.19962795515886111,0.05238324887426973,0.06374591684396304,0.25348579408975114,0.008031819743972112,0.014360206877397483,1.370713549559322,0.06979710844502142,0.147183399823898,0.0,0.0,0.0
1450,1,0.00010028730387148265,0.007791219553267663,0.005890452851076892,0.002210603300798764,106.60947275161743,627.51171875,0.1968007211874056,0.04664993416244242,0.05679866524056639,0.25198804739273245,0.007342313759944701,0.013337363341223606,1.3864981548362496,0.06495226099599512,0.14334862911563734,0.0,0.0,0.0
1500,1,8.902418568889433e-05,0.007269708239203393,0.005640557361193159,0.00208797520599319,109.32292318344116,627.51171875,0.19886456506257078,0.041349514528990404,0.05038458659084075,0.25071757783587256,0.006735997552471834,0.012506357780415332,1.400999810336125,0.06085734306294305,0.14009058482411585,0.0,0.0,0.0
1550,1,8.226634406839173e-05,0.0070254950074650204,0.005462406862606275,0.0017523912907303756,112.62193250656128,627.51171875,0.20037799669328965,0.03774514340877547,0.04600346669894958,0.24974063977746297,0.006322085059728853,0.011947582552929279,1.4113194261332276,0.057779737558776856,0.1377958714397836,0.0,0.0,0.0
1600,1,7.825963546229277e-05,0.006889643205010908,0.005334159474595516,0.001529442600924492,119.08271718025208,627.51171875,0.20136245709765643,0.035780440598301363,0.04358716399259449,0.2492192296868016,0.006072399872635577,0.011586125247759274,1.4177433453201282,0.055887385341020016,0.13640413184995273,0.0,0.0,0.0
1650,1,7.437502146225136e-05,0.006713843788940298,0.005190424530571817,0.0015358438177098188,121.60798978805542,627.51171875,0.20201999902858042,0.03425696220286673,0.04171532003920563,0.24851371494816227,0.005853846434750338,0.011250304738617168,1.4220885883746595,0.05425633549694572,0.1351746313780092,0.0,0.0,0.0
1700,1,6.837165230411946e-05,0.006416409803406295,0.004957636439822718,0.0016196229405058989,123.85029602050781,627.51171875,0.202814872771097,0.03198996386813954,0.03897256683430956,0.24744937454815974,0.005517597820344058,0.010771408278844211,1.4289882234908955,0.05193762504471741,0.1333928248931329,0.0,0.0,0.0
1750,1,6.187973786866464e-05,0.006097184081398316,0.00472423775229955,0.001544558773875342,126.21033430099487,627.51171875,0.20361240317629642,0.029024080138774812,0.03538466645372358,0.24621796734311763,0.005086673717528176,0.010227793813788473,1.4394140061494598,0.049032492634546745,0.13122554808244194,0.0,0.0,0.0
1800,1,5.82682392568082e-05,0.005894820490643459,0.004617508931590296,0.0014825457519355141,132.67657685279846,627.51171875,0.20373365602895188,0.027058398864436776,0.03304567026527865,0.24548469697996722,0.0048217066677695335,0.009937313375851896,1.4453656957706635,0.04745806187678941,0.1301371978762418,0.0,0.0,0.0
1850,1,5.4978335239657263e-05,0.005678815887984508,0.004522796302774801,0.0015078789585502485,135.0502634048462,627.51171875,0.20357541462692214,0.02526582158097586,0.030921206902963422,0.24487903772427683,0.004596024782481978,0.009709653797421069,1.4500114054380693,0.046171235793420064,0.12934939137979495,0.0,0.0,0.0
1900,1,5.1746198369199196e-05,0.005496184175455996,0.004443911917303231,0.0013378358456539445,137.54505038261414,627.51171875,0.20402137332576764,0.023465306421464018,0.02877560261681493,0.2443232885973134,0.004370638957687165,0.00948320738215112,1.4553855414970203,0.04472201210575816,0.12851182229099986,0.0,0.0,0.0
1950,1,4.903957069088888e-05,0.005367924167245888,0.004366369215526574,0.0010769311488151305,144.37728762626648,627.51171875,0.2045812076684539,0.021861374242168934,0.026879967162202326,0.24365404949608976,0.004160752196462877,0.00927888329807803,1.4613118017226159,0.043208505297068774,0.1276440977947322,0.0,0.0,0.0
2000,1,4.6289919696971686e-05,0.005176817337766754,0.004273113996193967,0.0011094948057113454,146.69116735458374,627.51171875,0.20563017697314812,0.020780017952393117,0.025594575953433625,0.24282369900646855,0.003986030703306214,0.009118439403382833,1.465923400880055,0.04189078958690592,0.12687050961582594,0.0,0.0,0.0
2050,1,4.342884798941612e-05,0.004939165938070755,0.004181151689314501,0.0012455755202155545,149.16439747810364,627.51171875,0.20698833410085543,0.019543475072260497,0.024111456017533273,0.24148823365853755,0.0037764435323034288,0.008938333435052745,1.4705899396534285,0.04042412575220703,0.12601762489999477,0.0,0.0,0.0
2100,1,4.1138942079084005e-05,0.004778919553392435,0.0041144512945307755,0.0011713925585479386,151.54135489463806,627.51171875,0.20780917912894226,0.018794247737819788,0.023170102633725806,0.24019468558220802,0.003633450913907557,0.00880466244655565,1.474400240204151,0.03931848677691993,0.1253891488706079,0.0,0.0,0.0
2150,1,3.9617376969995005e-05,0.004685423456231656,0.004059895876801145,0.001086935819320657,154.50725412368774,627.51171875,0.20838824332732414,0.018286525075531766,0.022530322990197887,0.23913131158373185,0.0035486961482685854,0.008713198896002923,1.4778096327470784,0.038476972702764296,0.12495781817151322,0.0,0.0,0.0
2200,1,3.8223580787058965e-05,0.004594435209524227,0.003995519058688991,0.0010726478192753118,156.79235124588013,627.51171875,0.20843004693506245,0.01757862603887618,0.02168195782087968,0.23807986778021123,0.0034436318331232006,0.008612222011667371,1.481030854493819,0.0376956246773462,0.1246020345305065,0.0,0.0,0.0
2250,1,3.601212466662257e-05,0.004443955939108982,0.0038881942573257486,0.0010701989044937632,159.22849345207214,627.51171875,0.20724890842108773,0.016423700121137537,0.020362019946843335,0.23683724612429324,0.00326664392982724,0.008441463747480527,1.4852744948467382,0.03683285946794619,0.12426354686498219,0.0,0.0,0.0
2300,1,3.367117681451777e-05,0.004286376889590429,0.003784408727512268,0.0009881298285305583,161.84482526779175,627.51171875,0.205656255684589,0.01483872543772499,0.01859787432830816,0.2352983027292054,0.0030593349765711277,0.00822989148109974,1.491464345333021,0.03596665141354738,0.12384841161452706,0.0,0.0,0.0
2350,1,3.243304253835148e-05,0.00421456442379485,0.003733720316639607,0.0008542961156103255,164.27400827407837,627.51171875,0.20485420128157233,0.014035027895471753,0.017729457090835697,0.2345664567365521,0.0029613216768362934,0.008124699730672223,1.4949564991338282,0.03549482155472032,0.12364522423480848,0.0,0.0,0.0
2400,1,3.165337087032172e-05,0.004159140869892523,0.003703803102359614,0.0007979728527103472,166.64190816879272,627.51171875,0.2043515449312699,0.013582117278665026,0.017249969675910675,0.23417371079757604,0.0029083409643508805,0.008064698330692963,1.496980911788219,0.035202181147267884,0.12355454329571282,0.0,0.0,0.0
2450,1,3.076547758584399e-05,0.004089260023306737,0.0036660826459871754,0.0007767033413221836,169.15496373176575,627.51171875,0.2035310249130945,0.012924914071809354,0.01654667036307738,0.23351351271314869,0.0028290424356100666,0.007970645182808161,1.499996895576082,0.0347238340599826,0.12343025779986658,0.0,0.0,0.0
2500,2,2.979488941626984e-05,0.004028094552925035,0.003624592970182499,0.0006570155930182453,171.664532661438,627.51171875,0.20283141587386755,0.012461517775133837,0.016050367095189783,0.23292481356206574,0.002777252283630338,0.007891979964990527,1.5023039992956853,0.03430946504238781,0.12335810820949068,0.0,0.0,0.0
2550,2,2.9049037621214533e-05,0.003972570034946896,0.0035865950494488132,0.0006356578402928853,174.1337320804596,627.51171875,0.2021739385822905,0.011971315161359814,0.015531018107538899,0.23227766924367804,0.002723657521472557,0.00782092450658451,1.504369775083332,0.033959480188345804,0.12329456481519346,0.0,0.0,0.0
2600,2,2.8387792589297353e-05,0.003911817921725651,0.0035484912874048833,0.0007026255900371057,176.57073593139648,627.51171875,0.20155185403717973,0.011458695070561391,0.014970529528744534,0.23148392420947295,0.002654507013741944,0.007749760837866035,1.5063913922054128,0.03360721748088257,0.12322143351487218,0.0,0.0,0.0
2650,2,2.76010722247956e-05,0.0038350288001717217,0.003501657942221982,0.0007949955863542651,179.0024709701538,627.51171875,0.20095067525884192,0.010885327838032768,0.014322356138160524,0.23039657537814862,0.0025773155954139427,0.007664789652200899,1.508524136800209,0.033193840097990986,0.12311147858792809,0.0,0.0,0.0
2700,2,2.666820152143226e-05,0.003771534938851095,0.0034456644845648784,0.0007557261317871541,181.40178608894348,627.51171875,0.20052511235228065,0.010345412886474677,0.013702911542207848,0.22920357707981415,0.0025179832041583093,0.007582818390743902,1.510604150616303,0.032792537008086285,0.12299610939964296,0.0,0.0,0.0
2750,2,2.5892590503526707e-05,0.0037323456150379557,0.00340080260280753,0.0006298637711213273,183.69278740882874,627.51171875,0.20017015770462987,0.009937718893133435,0.013248487979693494,0.2282507483824577,0.00248899230016377,0.007523120287267042,1.5122340442670485,0.032501824759194234,0.12290187138178939,0.0,0.0,0.0
2800,2,2.5290783355390568e-05,0.0036886799697221783,0.003371909649831093,0.0005609356021299688,186.02180552482605,627.51171875,0.19979950316328887,0.009704209818795561,0.012998575184333633,0.22775849829078548,0.0024776606090026816,0.0074834235319821045,1.5134231028709109,0.03235179219949136,0.12284506135889471,0.0,0.0,0.0
2850,2,2.4681411208189146e-05,0.003629949559661059,0.0033429502476293844,0.0005740740756908191,188.5702028274536,627.51171875,0.19925577418866552,0.009429242939529667,0.012713407322463358,0.227112591397827,0.0024599998083069084,0.007434101156660584,1.5151140397586542,0.032138248104973295,0.12276149018090794,0.0,0.0,0.0
2900,2,2.412343317114061e-05,0.0035762735853583135,0.0033163879559085173,0.0005790261995056249,191.0203812122345,627.51171875,0.19875644054973451,0.009163288283828853,0.012462978286907666,0.22644980924613003,0.0024416512346122003,0.007391788270495643,1.5169391110272987,0.031918959273990063,0.12268706809863504,0.0,0.0,0.0
2950,2,2.3626902435015733e-05,0.0035323169889068394,0.0032914846514815574,0.0005619323037138763,193.25017142295837,627.51171875,0.1982897478378265,0.008939147059137752,0.012254535446634126,0.22569765661360136,0.002424990457787386,0.007348370421612765,1.5187671669471223,0.03170181075713646,0.12262554219528328,0.0,0.0,0.0
3000,2,2.322580486888605e-05,0.00350180265018666,0.0032658582359036442,0.0005453008811766827,195.5898299217224,627.51171875,0.19775485414515237,0.00876002686127899,0.012068591496891599,0.22487241273210234,0.0024091415458865036,0.007302187033135679,1.520326206616844,0.03160961610558932,0.12257755829730856,0.0,0.0,0.0
3050,2,2.2773881267449634e-05,0.0034752983917258613,0.0032330101272179303,0.0004937893004344855,197.81063079833984,627.51171875,0.19727859071983916,0.008592877278728936,0.011883588503206602,0.22395147557546438,0.002364817299256254,0.007246706570033917,1.521445981926496,0.031641244792186114,0.12252936637583539,0.0,0.0,0.0
3100,2,2.2299079743773225e-05,0.0034462873892835578,0.003194714788834521,0.00046473690647542244,204.47578740119934,627.51171875,0.19698122949983748,0.008404233335240022,0.01168331215403221,0.22297281390081872,0.002306031633175233,0.007185648843282784,1.5226301598079464,0.03170526999446052,0.12247527813164735,0.0,0.0,0.0
3150,2,2.1912085307129267e-05,0.0034160655316098965,0.0031633108971248236,0.0004858454064899722,207.061758518219,627.51171875,0.1969371037914257,0.008358743442775457,0.011613068974527038,0.22236173193039238,0.002264867819407603,0.007143839555266965,1.523522860442092,0.03174639037148247,0.12243357719512184,0.0,0.0,0.0
3200,2,2.1543250309849688e-05,0.003384562006597032,0.0031314056998840464,0.0005313084566269082,209.88009452819824,627.51171875,0.19686993188335866,0.008376858453851516,0.011587665552339763,0.22171740556948386,0.0022406492578015964,0.007102123571920597,1.5243031061451975,0.03186999543682507,0.12240566555964855,0.0,0.0,0.0
3250,2,2.1208400937936068e-05,0.003358715417955198,0.0030987310674994804,0.000570348534178564,212.29525327682495,627.51171875,0.1966970857283787,0.00841158170546402,0.011571096287356695,0.22099170656354122,0.0022234746081679227,0.007056387575099621,1.52483163874617,0.032059817372680745,0.12237747172470541,0.0,0.0,0.0
3300,2,2.0784611317757333e-05,0.0033326230343927047,0.0030633385112712594,0.000542394868850066,214.9046573638916,627.51171875,0.19655267855454062,0.008531892694212345,0.011629729851100777,0.2201885995913129,0.002212477280374921,0.007004789779792527,1.5254469353744005,0.032255706400515574,0.1223743827860266,0.0,0.0,0.0
3350,2,2.0267486339296113e-05,0.0033037196689842275,0.0030210295631570615,0.0004757132188555535,217.7649643421173,627.51171875,0.19633471767135013,0.008717110062066541,0.011745945416185772,0.21930408427358009,0.0022046344797103743,0.00694756790183966,1.5262998275531299,0.032397977169745226,0.1224166215800937,0.0,0.0,0.0
3400,2,1.983691790273522e-05,0.0032787535690675515,0.002982433348557144,0.0004379317954616102,220.21724128723145,627.51171875,0.1959039442442947,0.00881646246497156,0.011797497436744105,0.21861726576473647,0.0021887904384538365,0.006896188428370623,1.5271509582355736,0.032513321580678746,0.12248071930944186,0.0,0.0,0.0
3450,2,1.9488775311704974e-05,0.003250438280984213,0.0029500006736686976,0.00047002374256158624,222.67623448371887,627.51171875,0.19519572316693595,0.008756791596798699,0.011710546507446457,0.21810732364071594,0.002163645145476892,0.006846106348929369,1.527709587134595,0.032648890041718115,0.12255008463947303,0.0,0.0,0.0
3500,2,1.9214444919428383e-05,0.003226634066382973,0.002925909016040986,0.0004922742639376303,224.97729587554932,627.51171875,0.19443086467431991,0.008627028094872115,0.011577184169615992,0.21788763712445103,0.0021479818128239485,0.006808746892373259,1.528156081146716,0.03269588040120994,0.12263558574414857,0.0,0.0,0.0
3550,2,1.8971367836754866e-05,0.0032145549664615368,0.0029056526500003434,0.0004417995947240242,227.6738588809967,627.51171875,0.19372076489815337,0.008546988565289933,0.011490720420480887,0.21775791600918937,0.0021468638038919163,0.006779384074976809,1.528594802705241,0.032644482806815964,0.1227242048239114,0.0,0.0,0.0
3600,2,1.8729629973550115e-05,0.0032054101788361014,0.0028844470387491836,0.00036734294550881804,230.38554215431213,627.51171875,0.1929691592287644,0.00847839316638089,0.01140606242481177,0.21760080390473394,0.0021454487852914485,0.006748418387385706,1.5290763183798617,0.0325421411178643,0.1228229585605483,0.0,0.0,0.0
3650,2,1.849619010722775e-05,0.0031912235694173904,0.002864890985369254,0.0003235457914618327,232.9109547138214,627.51171875,0.1922526944496012,0.008426682523570683,0.011332353795965998,0.2173882418867281,0.0021419883245056342,0.006718372397099264,1.5292729755923693,0.032461520348468005,0.12289658973251373,0.0,0.0,0.0
3700,2,1.8283149928558058e-05,0.0031752577246430083,0.0028444628939611424,0.00033154057901132783,239.1789858341217,627.51171875,0.19157143036525442,0.0084109347084849,0.011291184006754943,0.21711733755916168,0.0021481081238783686,0.006692172750024481,1.5293901588145293,0.03238300280584123,0.12296616993256068,0.0,0.0,0.0
3750,2,1.8090578520716912e-05,0.003163855451403387,0.0028212938939390962,0.00034770385008503214,241.5602855682373,627.51171875,0.19098389181631115,0.008434576629461036,0.011282234699266676,0.21677308993929192,0.0021577258965476643,0.0066698785052933755,1.529611401097353,0.03223879711005769,0.12302997867034875,0.0,0.0,0.0
3800,2,1.7937025885412284e-05,0.0031581720758832696,0.0027999327350690093,0.0003512146119004994,243.9107894897461,627.51171875,0.1905799141471115,0.008435010209382088,0.011254676892259246,0.21643583120288976,0.0021541585465082273,0.00665141776653925,1.529841127018746,0.03210168237058821,0.12306593465738393,0.0,0.0,0.0
3850,2,1.7762390141919534e-05,0.0031524858033951967,0.0027746732304929174,0.0003541353770767267,246.23094701766968,627.51171875,0.18994285360160837,0.008364267552076383,0.011154568869618077,0.21598044360848428,0.002135207263143177,0.006621299049266943,1.5301900596896791,0.031957928614763056,0.12311027597196644,0.0,0.0,0.0
3900,2,1.75043612355816e-05,0.0031417151610218575,0.0027410094552545714,0.0003476409768598066,248.71153378486633,627.51171875,0.18887132765390208,0.008198705429225095,0.010951560909503038,0.21529326626163126,0.0020917795222332204,0.0065695956291694025,1.5310104351120593,0.03172307039882226,0.12318250134521601,0.0,0.0,0.0
3950,2,1.7249328890817545e-05,0.0031271923751751414,0.002714329799223719,0.0003200163753780873,251.53066182136536,627.51171875,0.18792164773685915,0.007976726874410235,0.010718358992356914,0.21482287023915742,0.0020381601514683923,0.006524179975162374,1.5319622864118945,0.031523144117816176,0.1232399803622434,0.0,0.0,0.0
4000,2,1.7118126910332627e-05,0.003119758884325767,0.002701753257102417,0.00029284936697823803,254.36289882659912,627.51171875,0.18736227083294932,0.007866294037295066,0.010602359675179737,0.2145693831407407,0.0020076918466498525,0.006500303902420594,1.5325826099925057,0.031402541025455005,0.12327479432677015,0.0,0.0,0.0
4050,2,1.7010918572641814e-05,0.0031112394928567762,0.002691067521327403,0.0002987691188642394,257.1504068374634,627.51171875,0.1867600818874181,0.007787152661455244,0.010516747165115326,0.21430736224406577,0.0019850345649295516,0.006478336329874769,1.5332024435380194,0.03131334484274474,0.12331218213719332,0.0,0.0,0.0
4100,2,1.6876581315874942e-05,0.0030997410564855173,0.0026791484644313043,0.0003005831068912144,259.79196095466614,627.51171875,0.18618086694494138,0.007754295353418201,0.010484253228447158,0.21404286274389844,0.001963631019735058,0.006458821339941123,1.5338218632322422,0.03126688020749527,0.12334486203501922,0.0,0.0,0.0
4150,2,1.6744218804099697e-05,0.00309257460993799,0.00266595868518325,0.00026993587194477393,262.41141653060913,627.51171875,0.18571009783963835,0.007747712323385067,0.010477125580505488,0.21370269685421436,0.0019442152178576143,0.006440890957878448,1.5343881742341856,0.031253294734290574,0.12337207076404053,0.0,0.0,0.0
4200,2,1.662360631949511e-05,0.003086749615485032,0.0026524745729553383,0.0002448709264561901,265.09395384788513,627.51171875,0.18538545710002896,0.007764415366669159,0.010487208963143174,0.21330524880969934,0.0019263574851011752,0.006426342311966069,1.5348005671475395,0.03128675822317267,0.12338530588063716,0.0,0.0,0.0
4250,2,1.6515283225378558e-05,0.0030799714392134494,0.0026401955474110554,0.00024171601196203689,267.7013156414032,627.51171875,0.1852266725156535,0.0077873360146907145,0.010493895485721955,0.2129100656120456,0.001910429806390866,0.0064151289747742275,1.5348989994450823,0.03132644588028047,0.12338136630248098,0.0,0.0,0.0
4300,2,1.6425840644984517e-05,0.003076499656118133,0.002627396198451609,0.00024037414014731952,269.98405504226685,627.51171875,0.1849936154065075,0.007816536312227111,0.01049677455084372,0.2124880210424687,0.0019012411384059917,0.006403192925076049,1.5351101544160535,0.031360881279480085,0.12338178585274967,0.0,0.0,0.0
4350,2,1.6351107592952763e-05,0.0030751585936879128,0.00261604223990525,0.00022545557356531428,272.26114988327026,627.51171875,0.1847798720228729,0.007834937099832774,0.01049231803718193,0.2121793166127851,0.0018983210931113603,0.006393576565974748,1.5351989231642325,0.031387892189488384,0.12338131064422894,0.0,0.0,0.0
4400,2,1.628638367012178e-05,0.003074783196561528,0.0026049071454529228,0.00021575617681298268,274.6983337402344,627.51171875,0.18452886055494921,0.007838674193547371,0.010476072873528615,0.2118903171069392,0.0018941384768714918,0.006383084280453391,1.5353202044107144,0.031422560545466126,0.12338268446896299,0.0,0.0,0.0
4450,2,1.6209705411740102e-05,0.0030706227419601178,0.0025942024147961595,0.0002260425167157781,277.2319917678833,627.51171875,0.1842596520450569,0.007831215403551086,0.01045642143595783,0.21167029242989685,0.0018891145065908083,0.00637228590578274,1.5355640493188247,0.03142488197037668,0.12338754385592843,0.0,0.0,0.0
4500,2,1.607628202325868e-05,0.003060787240233651,0.0025757542105613093,0.0002708389559447467,284.2000470161438,627.51171875,0.18360779263198218,0.007830862918787701,0.010437734165455851,0.21117376991902415,0.001895371924634254,0.006352495855019265,1.5361221978449753,0.031410402446972754,0.12340696675010764,0.0,0.0,0.0
4550,2,1.591159757148041e-05,0.0030452523804076837,0.0025584669453766087,0.00030378018453650556,286.5818910598755,627.51171875,0.1827548106704956,0.00784486390086109,0.01043853750177037,0.21061484642641864,0.001918001368295132,0.006334699382899974,1.5369565386093311,0.03139173233354271,0.12344183594746058,0.0,0.0,0.0
4600,2,1.5784544260261794e-05,0.0030323406215982227,0.0025470922693753848,0.00031902286149310897,289.11363673210144,627.51171875,0.18198130760097786,0.007846637731863679,0.010434584852022293,0.2102230997231769,0.0019325625186502769,0.006320725332001487,1.5374923134388734,0.03138150693926072,0.12346988396257783,0.0,0.0,0.0
4650,2,1.5687567339781475e-05,0.003026529445789709,0.0025367544821465766,0.0003042425855441104,291.62302589416504,627.51171875,0.18128093279783059,0.007825307058123891,0.010411502376562456,0.20996143473301493,0.0019338698599391084,0.0063081968438498184,1.5379390013855323,0.03137913610569807,0.12349472941235672,0.0,0.0,0.0
4700,2,1.5579652773919768e-05,0.0030214547350241963,0.0025229837272760566,0.0002915770395964828,294.5714647769928,627.51171875,0.1802514173856018,0.007799927946207921,0.010382925301882938,0.20962651478697128,0.0019300250487766862,0.0062893793591906905,1.5385842728593664,0.03136149295520715,0.12352584873066992,0.0,0.0,0.0
4750,2,1.54495758238154e-05,0.0030163503359249624,0.002506016329388718,0.0002666245142852813,297.1883294582367,627.51171875,0.17896736735704655,0.007762005566615128,0.010339117781193322,0.20926458777550316,0.0019235342324466487,0.00626588091192978,1.5393599535041034,0.03135227473268622,0.1235663314989401,0.0,0.0,0.0
4800,2,1.5329897084799364e-05,0.0030102637287844477,0.002491005338725297,0.0002512006576547613,299.9574966430664,627.51171875,0.17793224864592164,0.007720769455517704,0.01028891686090033,0.20900637417003443,0.0019100785935738018,0.006244237511715418,1.5399463469417136,0.031342476701937745,0.12359332225024106,0.0,0.0,0.0
4850,2,1.5236248929785999e-05,0.003004413701531237,0.002479176187836156,0.00025185843147204195,302.6341965198517,627.51171875,0.1771823292587527,0.007695820604415362,0.01025252713899867,0.20882260100650146,0.0018943201757692725,0.006226638139175826,1.540273764825109,0.03134215935072342,0.12360655162981411,0.0,0.0,0.0
4900,2,1.5156925148467209e-05,0.0029998663354421687,0.0024670988088897937,0.0002667406701696341,305.31019496917725,627.51171875,0.17629214507109733,0.00768926360050705,0.010231266161788367,0.20857847417245653,0.0018813264269127382,0.006207555546908976,1.540624011268672,0.031353878887886266,0.12362578135682441,0.0,0.0,0.0
4950,2,1.5070198918706805e-05,0.002994253880865681,0.0024546816748450577,0.000281390282006106,308.1536297798157,627.51171875,0.17546488353352502,0.007714955339046034,0.010240378660047568,0.20831160156654766,0.0018660970561951175,0.006188508992130505,1.5408942204510456,0.03136262743126547,0.12364208957739194,0.0,0.0,0.0
5000,3,1.4934799139231714e-05,0.0029853462558795067,0.002437085526908564,0.0002883071387786495,310.93371629714966,627.51171875,0.17431110471058237,0.007755762017331162,0.010255515769825954,0.20785305120292213,0.0018413183697827504,0.0061589314070939795,1.541303040475797,0.03137026221597651,0.12366904864355495,0.0,0.0,0.0
5050,3,1.4760364138917391e-05,0.0029730586361961585,0.0024174357592990046,0.00027801229166940657,313.63013339042664,627.51171875,0.1726726300064455,0.0078104042953200436,0.010275000140931113,0.2072262016541286,0.0018158076383282106,0.006121420143166976,1.5418798133460985,0.031402022055692376,0.12372052542994662,0.0,0.0,0.0
5100,3,1.4595261395462313e-05,0.0029553304204295076,0.0024019910735526397,0.00030285703577711344,316.3857204914093,627.51171875,0.17108938018408243,0.00783175969395787,0.01027637156989506,0.20670320783082297,0.001799814239875812,0.006088081797612254,1.5424479871897487,0.03140068653745515,0.12377531740967215,0.0,0.0,0.0
5150,3,1.4422686667135609e-05,0.0029330765355238637,0.002385885219680828,0.0003567918474454036,318.99005484580994,627.51171875,0.1691419107609049,0.007798910669583366,0.010229515021700736,0.2061332968966955,0.0017892265819416313,0.00604864313089532,1.5431792308487318,0.0313534359975055,0.12384687571131896,0.0,0.0,0.0
5200,3,1.4227458048017994e-05,0.002910574840765097,0.002371750469954233,0.00036167921227947243,321.58237385749817,627.51171875,0.1674803488504159,0.007710120118290765,0.01013791982339021,0.2057653107504907,0.0017791413944823304,0.006013648443640041,1.5438644733394704,0.03124864782990273,0.12390976715538182,0.0,0.0,0.0
5250,3,1.4032054364727024e-05,0.0028898351077414493,0.002358206527174257,0.0003460771445569877,324.6030488014221,627.51171875,0.16508781952813284,0.007627919936006455,0.010033453336981728,0.2050797021473793,0.0017752084352270119,0.00596475764271428,1.5447196040493174,0.03113516554540538,0.12399263364681398,0.0,0.0,0.0
5300,3,1.3879036077769599e-05,0.0028738877956473174,0.002347018186854384,0.0003336325019744925,327.7630259990692,627.51171875,0.16309071327432134,0.00755141258634092,0.009930971041747188,0.2043034210666409,0.0017700344765583448,0.0059176613382627315,1.5454605437983955,0.03099684332991293,0.12405695422314984,0.0,0.0,0.0
5350,3,1.3697512060928655e-05,0.0028569429940060974,0.002325410494831407,0.0003575679242550716,330.262722492218,627.51171875,0.16162039635710404,0.007469434890274473,0.009821876660807485,0.2034474631739917,0.0017450893511361974,0.005870881398000399,1.5458380934605949,0.030847590478795952,0.12408624641273133,0.0,0.0,0.0
5400,3,1.3458885513608505e-05,0.0028356490009025467,0.0022966390593536718,0.0003787205940267527,333.63257002830505,627.51171875,0.15914599028751714,0.007333273195245309,0.009641449945964388,0.20202789043381367,0.0017117135525017114,0.005797586778737743,1.5465532211228143,0.030610621990503007,0.12414834361910196,0.0,0.0,0.0
5450,3,1.3230860774249584e-05,0.002816169897012438,0.002271537144936588,0.0003743886811642028,336.43214559555054,627.51171875,0.15673306278889265,0.007195270958255009,0.009464069157315614,0.20062805453655613,0.0016795845879662152,0.005729167690611495,1.5474156641697938,0.03040459997610587,0.12421631064185909,0.0,0.0,0.0
5500,3,1.3050956501570028e-05,0.002794913557314087,0.0022562367736408714,0.0003857594198235188,338.98757123947144,627.51171875,0.15496328552241273,0.007027663396646809,0.009287823666703223,0.19968320061679837,0.001649867281231336,0.005679430236561793,1.5482335275743542,0.030271261917705416,0.12427320402390347,0.0,0.0,0.0
5550,3,1.2786844103338455e-05,0.002754410021600637,0.002237059792584843,0.0004423042173037608,342.314071893692,627.51171875,0.15186785663800995,0.006708226863099556,0.008973114205185984,0.1981619813140185,0.0015988352902990444,0.005596458286069814,1.5498770304691019,0.030143949600749606,0.12438835567347396,0.0,0.0,0.0
5600,3,1.2424526956735283e-05,0.002703906355972357,0.0022170933910122875,0.0004448755673187837,345.6902205944061,627.51171875,0.14747997292261816,0.006299547377145816,0.00857505941246359,0.1960838962827286,0.0015376802842763085,0.005487434324002647,1.552219131938997,0.03020857756954571,0.12455551068754123,0.0,0.0,0.0
5650,3,1.2179786778149118e-05,0.002677312935889619,0.0022065807861732017,0.00037786698130225547,348.6056034564972,627.51171875,0.14470424749126765,0.006070988105522626,0.008351349583538992,0.1947488824437767,0.0015113750246676261,0.005423178572785548,1.5537093467287715,0.03038421561822659,0.12466162132689923,0.0,0.0,0.0
5700,3,1.202850177938369e-05,0.002659417394700337,0.002198636708055244,0.00034928144259459385,351.26773500442505,627.51171875,0.14292856091038547,0.005957856584476849,0.008230327387516681,0.19381231928611148,0.0014972371126495147,0.005381588719671219,1.5546281086901834,0.030457407124004254,0.12471787042590629,0.0,0.0,0.0
5750,3,1.184970068115775e-05,0.0026295614703424567,0.00218806093546797,0.00038405272753516326,353.6507182121277,627.51171875,0.1408934454774879,0.005868655183568358,0.008116583337809742,0.19264993494365376,0.0014796692676193515,0.005334039893381501,1.555628431201653,0.030444186138318695,0.1247687440210677,0.0,0.0,0.0
5800,3,1.1556754750303125e-05,0.002577492596027214,0.0021784430534329408,0.0004094783641143747,355.9822504520416,627.51171875,0.1371683333119002,0.005724812065689514,0.00791938347204341,0.19053098575123012,0.0014616242844031058,0.005257145225133921,1.557410676741617,0.03033453145053754,0.12485489179425653,0.0,0.0,0.0
5850,3,1.1340462230354591e-05,0.002544960668238632,0.002176632059800066,0.0003548384191762358,359.9203908443451,627.51171875,0.1345685599665898,0.0056446272913562,0.007794580683171354,0.1890360454778823,0.0014608291121781677,0.005212085415006951,1.5586318320673993,0.030189163229084666,0.12491387764443419,0.0,0.0,0.0
5900,3,1.1212679390116251e-05,0.002526416831799181,0.002171436824747143,0.0003387617130817566,363.1271262168884,627.51171875,0.1332471649824276,0.005614233133556298,0.007742267673663899,0.18824095141205383,0.0014644134013938439,0.005189685420570385,1.5593267222382827,0.030074269758071447,0.12495254262958391,0.0,0.0,0.0
5950,3,1.1046613074716223e-05,0.0025015683021664785,0.0021560387962663292,0.0003745207782040694,366.83464097976685,627.51171875,0.13204549758569722,0.005614387223935794,0.007720159092310087,0.1874687612243488,0.0014689089106227555,0.005164977752266758,1.5600647814375372,0.02988239390518821,0.1250042775505332,0.0,0.0,0.0
6000,3,1.0807278485105293e-05,0.0024617135516039165,0.002137669863996871,0.00042144089444965587,369.799232006073,627.51171875,0.12943770217512074,0.0055871428733993795,0.0076460158471023144,0.18578031518978683,0.001476476770142341,0.005112602725275545,1.5615023198645472,0.029530940195834476,0.1251114284132322,0.0,0.0,0.0
6050,3,1.0557907234235776e-05,0.0024256361895569766,0.0021232828491472905,0.0004072668077124051,376.71059560775757,627.51171875,0.126723625165164,0.005542921446106412,0.0075574236048265965,0.18398015171431167,0.0014864133427776112,0.005059164931477557,1.5629570878789418,0.029238662465027956,0.12523474861827055,0.0,0.0,0.0
6100,3,1.0406101399860524e-05,0.0024042020102862244,0.00211435642064565,0.0003942220441207185,379.110013961792,627.51171875,0.12474669395719727,0.005521158578340508,0.007503645525806401,0.18269961084721348,0.0014859360278645563,0.005018111797651081,1.563942753163348,0.029133449377903554,0.12532749161043766,0.0,0.0,0.0
6150,3,1.0255351497947587e-05,0.00238313493227801,0.002099727788559535,0.00040885523899634584,382.4074296951294,627.51171875,0.12271483147734714,0.005476824415429196,0.007431782596023119,0.18144953469555303,0.0014707799452023315,0.004970166091392471,1.5649418260242287,0.029092989830879514,0.1254343451276956,0.0,0.0,0.0
6200,3,1.0024337283914791e-05,0.002354777885624956,0.0020742708035600918,0.00042042719558161776,388.43760418891907,627.51171875,0.12034220613363007,0.005376696069425676,0.007307435534995039,0.18013944050985115,0.001429364345096353,0.004906687834753119,1.5658727811233721,0.029083380591415433,0.12556964446656152,0.0,0.0,0.0
6250,3,9.788909909071333e-06,0.0023253709571221534,0.0020544343669314747,0.00040107262785560777,390.85989809036255,627.51171875,0.1174397001089794,0.005264379078110951,0.007164936956095793,0.1785246742648733,0.0013929961836540528,0.004836745939391594,1.5670941775578373,0.029068491685563486,0.12574417902375173,0.0,0.0,0.0
6300,3,9.633658486017111e-06,0.0023072529004517658,0.002042678361349594,0.00037108981587772395,393.1785957813263,627.51171875,0.11554893751888491,0.005177043102560461,0.007063690991960076,0.17742507490472334,0.0013711374367944783,0.004791792220887683,1.5678927303927828,0.029070505916308605,0.12587295210567392,0.0,0.0,0.0
6350,3,9.509692497773231e-06,0.00229188719575852,0.002030818440870213,0.0003643103620717561,395.5031898021698,627.51171875,0.11422350630804341,0.005108772518513624,0.006985577294158529,0.1764734948963493,0.0013457140879708223,0.004752917890664242,1.5685218686507478,0.029034538763757407,0.12596926944560977,0.0,0.0,0.0
6400,3,9.31754726715621e-06,0.0022662369819100507,0.0020091344454100427,0.0003809146744958952,397.7323670387268,627.51171875,0.11244641590964981,0.0049841458377506325,0.006847696881522557,0.17479702660461516,0.0013000073965552417,0.0046880443092184336,1.5694625151834698,0.02899876484511881,0.12610969712258543,0.0,0.0,0.0
6450,3,9.051633480830926e-06,0.002232652859390679,0.0019848435207305624,0.0003567784865984143,400.0072114467621,627.51171875,0.109823865110544,0.0048026127426439484,0.006647720254727817,0.1721817749986212,0.0012553237733937202,0.004596955556023375,1.5707308060388196,0.02903266227193373,0.12630990653984445,0.0,0.0,0.0
6500,3,8.884571718694407e-06,0.002210247029036862,0.0019709371876974868,0.00033880140418724976,402.34320545196533,627.51171875,0.10805914499639403,0.00468910655256134,0.0065192358013849445,0.17038403681304853,0.0012382560477167588,0.004539404114775861,1.571561702943694,0.029054303289226962,0.126427351475833,0.0,0.0,0.0
6550,3,8.77075075893835e-06,0.002192684236677088,0.0019585058052827226,0.0003565692188622593,404.62859416007996,627.51171875,0.10660681235507695,0.004584733332772085,0.006405542328065605,0.1689602082847872,0.0012225125448175778,0.0044946442722469645,1.5722290008514705,0.029043539024460913,0.12650771018974458,0.0,0.0,0.0
6600,3,8.614436341433265e-06,0.002166307371536068,0.0019361810084587026,0.0004156342333658262,406.940021276474,627.51171875,0.1040479130557465,0.004405058673496628,0.00621038086332724,0.16657071053728206,0.0011879265258601557,0.00441955236850485,1.5734042689771939,0.028989407009373164,0.12663437594622418,0.0,0.0,0.0
6650,3,8.358605303035163e-06,0.0021332523635566947,0.0019051947542441233,0.0004219864983807104,409.34754180908203,627.51171875,0.100116171316048,0.004147168416762395,0.005931475944536486,0.16304021847532008,0.0011396724852595025,0.0043125433839161535,1.5752544182691604,0.028859739107550266,0.12681490463234313,0.0,0.0,0.0
6700,3,8.114459618203286e-06,0.002107373571527837,0.0018846614534466961,0.0003485505044057206,411.8888976573944,627.51171875,0.09634365513623842,0.003920591947427846,0.005688922608374809,0.15967074228660716,0.001109008271124809,0.004217218819648642,1.5771087822649341,0.02868362462668164,0.12698574752419378,0.0,0.0,0.0
6750,3,7.956727486112901e-06,0.00208706708069689,0.0018727595943013363,0.00030602285655904573,416.6801109313965,627.51171875,0.09425373216747178,0.003807338544198031,0.005566280293999266,0.15777140573131967,0.001095723500422238,0.004163533677821196,1.5782031606309912,0.028535180417869344,0.12707668891907373,0.0,0.0,0.0
6800,3,7.818662732095055e-06,0.0020651965629709637,0.0018581322191430169,0.0003177586262725529,419.03986120224,627.51171875,0.09188124556658442,0.003680885687587201,0.005427710063123103,0.15548413264244954,0.001081574491687515,0.004100414982874578,1.5794937523802877,0.02832116746137465,0.1271872429690047,0.0,0.0,0.0
6850,3,7.674941421219746e-06,0.00204411196826481,0.0018423479152292856,0.0003198465908316286,421.32605743408203,627.51171875,0.08996051709403256,0.0035828604091453775,0.005315891466790446,0.15348429302656866,0.001066292045407257,0.004043028351362868,1.5807558131950452,0.02807971395209416,0.1272782243860009,0.0,0.0,0.0
6900,3,7.525449175902243e-06,0.0020197056877871425,0.001828466928024375,0.00032085324331166385,423.7992718219757,627.51171875,0.08794735092577886,0.00343450533231993,0.005168027331312298,0.15138830220697874,0.001057127019125817,0.003984785008579278,1.5821409485429752,0.027857390757274378,0.12738325038022869,0.0,0.0,0.0
6950,3,7.316841914835111e-06,0.001977659042224581,0.001812292236287603,0.0003482864881590196,426.05237460136414,627.51171875,0.08483391064142745,0.003146543944670601,0.004905300061600545,0.14814945562239384,0.0010659773572521231,0.0039006002200227398,1.5842558388107206,0.02767499602633276,0.127556210114335,0.0,0.0,0.0
7000,3,7.074198544918566e-06,0.0019287242702645943,0.0017949757599107908,0.00036370765120293094,432.53401017189026,627.51171875,0.08128369748852018,0.002801911192881924,0.004598152426637378,0.14461616079579637,0.0010833053275069247,0.0038141062276439964,1.5865658611400901,0.02766088996557502,0.12776681697257733,0.0,0.0,0.0
7050,3,6.890488936483272e-06,0.001898444947674843,0.0017797139257110792,0.0003449841442170855,439.3006467819214,627.51171875,0.07874423524565145,0.002563686825530837,0.004390789207295353,0.14222702478574473,0.001087415410370415,0.0037545264961221796,1.5881281897147703,0.027652913800039147,0.1279266264079808,0.0,0.0,0.0
7100,3,6.750021305869679e-06,0.0018749253645272846,0.0017651642141867112,0.0003447774358575664,441.55065870285034,627.51171875,0.07635609248583798,0.002347746065065961,0.004216762706529578,0.14004940090621254,0.0010836641647939305,0.0036984842891284696,1.589497154262946,0.027617514406045176,0.12808107785498526,0.0,0.0,0.0
7150,3,6.599337275696045e-06,0.0018520007529533912,0.0017450212980871897,0.00035260623360657846,444.0710446834564,627.51171875,0.07440604417047726,0.0021763074327298144,0.004080843865821791,0.1383615978316337,0.0010573033362307098,0.0036459131734272233,1.5903666372721088,0.02755223963723843,0.12821211609036196,0.0,0.0,0.0
7200,3,6.4128815632046755e-06,0.0018278713593184387,0.0017219123352641187,0.00032678091537497714,446.61000418663025,627.51171875,0.0724265834691483,0.002007253141671039,0.003944609700946335,0.13655618589317467,0.0010125981672606439,0.0035877984702266164,1.5909791394627324,0.02743838728060873,0.12834733664762346,0.0,0.0,0.0
7250,3,6.241607780241154e-06,0.0018042362337457717,0.0017065711965033588,0.0002719451127435843,448.9495015144348,627.51171875,0.06985831565132583,0.001800467324658932,0.003785159604502994,0.1339182385499945,0.0009751336647853571,0.0035206246869419187,1.5918491720333188,0.02732438371929044,0.12853568584531577,0.0,0.0,0.0
7300,3,6.106619308274298e-06,0.0017835680742530483,0.0016925840820203005,0.0002462993261685221,451.30001759529114,627.51171875,0.06831320313274261,0.0016852782865193051,0.0036895291419651935,0.13193687560215078,0.0009598996823532147,0.003474928592542915,1.5923592252970873,0.027249177803506056,0.12866886784667092,0.0,0.0,0.0
7350,3,5.9869039988685464e-06,0.0017656830223012857,0.0016722827965174338,0.0002696992994009709,453.53956961631775,627.51171875,0.06702581852981253,0.00158646306863772,0.003610899392172473,0.1301845702905659,0.0009631377037870352,0.0034338634004053396,1.5926576245026687,0.027217637248132708,0.12878116545775745,0.0,0.0,0.0
7400,3,5.836887055995233e-06,0.001746900672199,0.0016444092132186284,0.0002848568709854246,456.0101172924042,627.51171875,0.0657261699725266,0.0014713323017433461,0.0035147230349466185,0.12807852654608268,0.0009630721283075876,0.0033821352832236113,1.5930153157416058,0.027207058270288974,0.1289190474087099,0.0,0.0,0.0
7450,3,5.711585702089102e-06,0.0017299162664982518,0.00162780263931873,0.0002631235079213344,458.5716042518616,627.51171875,0.06463613845291542,0.0013988969639561245,0.003436750586754559,0.12641077581203186,0.0009669836955147426,0.0033408414023802595,1.593330430794261,0.027226521555735,0.1290381215548039,0.0,0.0,0.0
7500,4,5.61488816280343e-06,0.0017126100190836533,0.0016154690561462387,0.0002685420152819656,461.0770626068115,627.51171875,0.06350209900512216,0.001353520595163133,0.0033712812790305047,0.1250608655211745,0.0009679652405839761,0.003302890280842528,1.5936334448029958,0.027237735314564224,0.1291453512024563,0.0,0.0,0.0
7550,4,5.497708222926815e-06,0.0016926267626859622,0.0015957512648269018,0.0002937699201235523,463.47630405426025,627.51171875,0.06194727099669889,0.0013190264514352488,0.0032938495592774153,0.12353798851322431,0.0009565468795644614,0.003250861708821381,1.594043955524374,0.027222508487309106,0.12928236263791623,0.0,0.0,0.0
7600,4,5.338903364057078e-06,0.0016711671258707922,0.0015629568145156814,0.0003213561846687082,465.9449234008789,627.51171875,0.0594499355183391,0.0013188881818154193,0.0031891491636848422,0.12123451524323503,0.0009281928006209329,0.0031676123285680306,1.5947848391486832,0.027195684143133135,0.12949691506263308,0.0,0.0,0.0
7650,4,5.144385871575615e-06,0.001645919782981696,0.001523547132468612,0.0003378432694486778,468.3219554424286,627.51171875,0.0559411714927084,0.0013488632375687106,0.003067016281898893,0.11808734376950886,0.0008840914512561806,0.003056727863980301,1.5957565136452736,0.027202201124227113,0.12979261603966905,0.0,0.0,0.0
7700,4,4.953374637094031e-06,0.0016162336903735456,0.0014956505861848245,0.0003227888152345607,470.73485946655273,627.51171875,0.05299749980251722,0.0013735341215948106,0.00297542382919368,0.11549078129217588,0.0008386922533617028,0.002967145896203509,1.5965249933113874,0.027264776037300584,0.13002977560558374,0.0,0.0,0.0
7750,4,4.8168801125976794e-06,0.0016000479002628932,0.0014771363183821132,0.0002734869766159296,473.5528290271759,627.51171875,0.0506819962760925,0.0013961935973095254,0.0029108073633950524,0.11336423374644361,0.000805176144151213,0.002900003760412187,1.5971535866996598,0.027368576428979628,0.13022110429760586,0.0,0.0,0.0
7800,4,4.7439538100918274e-06,0.001593384203659079,0.0014654847095021976,0.00023965632859745118,476.0832452774048,627.51171875,0.04940707323969831,0.0014118968576721362,0.0028787770164163374,0.1121053947340997,0.000787345099484552,0.00286143172601441,1.597440330626319,0.02745012386966686,0.13033111783515802,0.0,0.0,0.0
7850,4,4.677879280914515e-06,0.0015860294713180242,0.0014542114912241353,0.0002183088083812935,478.4693148136139,627.51171875,0.04831187571524995,0.0014157053362473292,0.002846266243082082,0.11097753954750372,0.0007716329246244088,0.0028257201171506337,1.5976641933576912,0.02753190393450477,0.1304302179129437,0.0,0.0,0.0
7900,4,4.6163085304289066e-06,0.0015768648961786299,0.0014436921777999582,0.00021344443161553446,485.2800853252411,627.51171875,0.047196048534439594,0.001411926005544931,0.0028107634776385346,0.10985313373703735,0.000754567234420071,0.0027894625760175513,1.597821988000422,0.02761120030709992,0.13052462665472203,0.0,0.0,0.0
7950,4,4.554120071739931e-06,0.0015647407822175434,0.0014332921057172408,0.00022667178010021298,487.6221148967743,627.51171875,0.046155476069517185,0.0014042978267721985,0.0027782271861750128,0.10887588528824663,0.0007390781085879981,0.0027577605947029745,1.5978694980771264,0.02766525951566139,0.13060300967306376,0.0,0.0,0.0
8000,4,4.477239637734424e-06,0.0015494678624904956,0.0014207014422399837,0.00024082440254423755,490.0836009979248,627.51171875,0.04455908916506926,0.0013963567711337904,0.0027362573625329136,0.10743646997544769,0.0007238521746754516,0.0027147805013163807,1.5979213836603745,0.027732384241518374,0.13071904825301933,0.0,0.0,0.0
8050,4,4.413080006060312e-06,0.0015362512843483723,0.0014108507230081015,0.0002500244683742081,492.6505193710327,627.51171875,0.04361170671260506,0.0013861459371389382,0.0027046568454969673,0.10630010058681658,0.0007202906183385181,0.0026824557405669257,1.5978807492758338,0.027756516230494268,0.1308086638707309,0.0,0.0,0.0
8100,4,4.343883450767226e-06,0.0015225204664489579,0.0014005046786082487,0.0002537745558713078,495.0170922279358,627.51171875,0.043180420586765966,0.0013753071132534224,0.0026777972288142297,0.10520996683963613,0.0007205956688324699,0.0026519034594172687,1.5977980550216442,0.02773942215346488,0.13088792152166295,0.0,0.0,0.0
8150,4,4.251653715506672e-06,0.001503212935036571,0.0013850864521665228,0.0002711827934625711,497.4756052494049,627.51171875,0.04269213019588913,0.0013625636732261298,0.002645801112270596,0.10371604717635771,0.0007175038572204664,0.0026110354893255023,1.5975536434799058,0.027687715536781406,0.13098496847598992,0.0,0.0,0.0
8200,4,4.116888970092454e-06,0.0014764430455462476,0.0013621671656384377,0.0002854917095243225,499.86107635498047,627.51171875,0.042111934238123316,0.0013455635965854483,0.002608422275959376,0.10163378217153062,0.0007163727128115653,0.0025580918352065066,1.5971515225145443,0.027595251322204244,0.1311130451896364,0.0,0.0,0.0
8250,4,4.00051509685549e-06,0.0014560852829196469,0.0013452181773761806,0.0002659300678317681,502.2614336013794,627.51171875,0.041659019843850564,0.0013330009806795816,0.002581581422133503,0.09988782040049518,0.000721241515544944,0.0025180264695060695,1.5968127899323779,0.027525037339862106,0.13121285134879002,0.0,0.0,0.0
8300,4,3.924810190730515e-06,0.0014422382258311088,0.0013338483234736536,0.000256140080129164,504.66217041015625,627.51171875,0.04113998251394224,0.0013256727133014576,0.0025575962424581227,0.09821189808984963,0.0007252073018887815,0.0024826197720062117,1.5965133016570812,0.027480271215870627,0.13130538434352956,0.0,0.0,0.0
8350,4,3.85518851737707e-06,0.0014286093570750576,0.0013207321191111862,0.0002644437403357025,506.97711181640625,627.51171875,0.04059758992029738,0.001320373050410513,0.002537120900185956,0.09668715694411373,0.0007251523748602713,0.0024510355181692643,1.5962328749743435,0.027452262872535316,0.1313785173705619,0.0,0.0,0.0
8400,4,3.7675027150167155e-06,0.0014132960987764608,0.001302745116062359,0.0002700963064827475,509.40435791015625,627.51171875,0.03979471584930827,0.0013091636081502681,0.002505770012851179,0.09467909078997534,0.0007248019275048686,0.0024100026429501164,1.5958903942483684,0.027432144416527887,0.131464633417246,0.0,0.0,0.0
