epoch,frame,loss,loss0,loss1,loss2,loss3,walltime,memory,vx_err_linf,vx_err_l1,vx_err_l2,vy_err_linf,vy_err_l1,vy_err_l2,p_err_linf,p_err_l1,p_err_l2,chi_err_linf,chi_err_l1,chi_err_l2
0,1,0.061201121050068065,0.2473886033148416,0.0,0.0,0.0,5.8104143142700195,469.49609375,1.2449175773624972,0.5912135974114118,0.6840065095238977,0.8936388972644685,0.07990409601329632,0.15827060177153152,2.0001071673716546,0.35285437863533864,0.4817041834853078,0.0,0.0,0.0
1,1,4.941739714617576,1.7229056466692152,1.4026804353678288,0.07631149015205431,0.0,8.346734285354614,484.171875,0.5414072338131125,0.06832477057180432,0.091121408555078,0.3162417373131992,0.019897119625390654,0.03024421396908943,1.3846284925285341,0.20801922960032299,0.26616657378036346,0.0,0.0,0.0
2,1,0.6662293209862146,0.5524043099634236,0.5991593680089597,0.04568206483022042,0.0,10.819694995880127,492.9765625,0.13210011007815392,0.03833408448236854,0.04986570743727165,0.053869195755472554,0.007468733610589063,0.010702929491841554,0.5466877534702381,0.059406424319550566,0.07390482765463584,0.0,0.0,0.0
3,1,0.06266544854576275,0.18426129599818783,0.16856224374700038,0.017320315407283692,0.0,13.278493165969849,470.76953125,0.05898121505293363,0.019869182495765407,0.025756168463485992,0.017935751221404117,0.003970443174960861,0.005490261721588385,0.07099858497017508,0.025330751996717533,0.02892072451632075,0.0,0.0,0.0
4,1,0.009745347097557538,0.07480592138531621,0.0642930877862059,0.003977447192188725,0.0,15.702254295349121,472.0546875,0.029952705633743276,0.009810929401095861,0.01296503488890209,0.00916590962630516,0.001950464686031168,0.00287832974552397,0.044655108563564916,0.012258352938162152,0.015422107733387333,0.0,0.0,0.0
5,1,0.0017173087398466064,0.03164620317704374,0.026711584529870824,0.0015224375939390192,0.0,18.09185242652893,494.51953125,0.018739381130226634,0.003717008623222285,0.005361339861606639,0.00537861135020601,0.0010540561642542216,0.0015835559199667956,0.021536760822179035,0.008070330443959089,0.010013120592526088,0.0,0.0,0.0
6,1,0.00035548906949431277,0.014739143898553832,0.011737060993011668,0.000698645745968645,0.0,20.53380846977234,499.515625,0.009015350011932766,0.001350748463774334,0.002165357325923649,0.0034132638272861265,0.0005858656414614426,0.0008718266299951736,0.009484615967319088,0.004721059114554544,0.0053919834633324795,0.0,0.0,0.0
7,1,8.26706180807686e-05,0.007234855195330161,0.0054946464648986644,0.00036925412543312516,0.0,22.953968286514282,499.515625,0.005212128413941808,0.0006405709594131667,0.0010752638372096817,0.002168964483304614,0.0003036699135004103,0.000488524491917633,0.003770731597275201,0.0015733905450943206,0.0018300104646638514,0.0,0.0,0.0
8,1,2.1621965071558307e-05,0.003778879332558306,0.002702501968105437,0.00019626302226410133,0.0,25.360700368881226,499.515625,0.003102727224813445,0.0003362069256354271,0.0005533077511760737,0.0012428471524880875,0.00017371249680898674,0.00028287078838540384,0.0015263475030512508,0.0004073697923684962,0.0005450952549888374,0.0,0.0,0.0
9,1,6.152107703454018e-06,0.002061713236860763,0.001374031145378677,0.00011612339960788899,0.0,27.750467538833618,470.76953125,0.0014669839102113558,0.0001883200862258999,0.00031124021353909424,0.0007327927075546845,0.00010170461095385806,0.000164059859147219,0.0012041011330049534,0.0003373950035527997,0.0004543000473790948,0.0,0.0,0.0
10,2,1.7491585712995986e-06,0.0011147549222292608,0.0007084885457721877,6.726079968930003e-05,0.0,30.184911012649536,472.0546875,0.0011106532000133285,0.00010703309757609105,0.00019348709260314003,0.0005118864556372532,5.710428428902239e-05,9.808263458714145e-05,0.000542948685693101,0.00016205247114381785,0.00021117507341561172,0.0,0.0,0.0
11,2,5.427163539031224e-07,0.0006318774256786582,0.00037670891867515067,3.921305154451763e-05,0.0,32.579270362854004,494.51953125,0.0006045363673186921,5.768246070732161e-05,9.923704749522018e-05,0.0002708942682938791,3.207347301240446e-05,5.4384978452962024e-05,0.0003328169143900772,7.403492371411907e-05,0.00010499189019732586,0.0,0.0,0.0
12,2,1.720893855737439e-07,0.00035929856602993476,0.0002059428215724335,2.411390191075138e-05,0.0,35.0377516746521,499.515625,0.0002849202686256158,3.4417275254505135e-05,5.8811566352076195e-05,0.00014590536675731722,1.8536411253263523e-05,3.106989094041156e-05,0.00021698730267433186,5.2834411545563805e-05,7.608382488968634e-05,0.0,0.0,0.0
13,2,5.300237847013178e-08,0.00019946169380563364,0.00011420416632739267,1.3221935099850797e-05,0.0,37.52244687080383,499.515625,0.00022054337860882844,2.083550708573353e-05,3.8209020846426906e-05,9.86283651266684e-05,1.080671135111273e-05,1.893900222227236e-05,9.220354417979748e-05,2.6347825560269818e-05,3.495525979698628e-05,0.0,0.0,0.0
14,2,1.81981089917129e-08,0.00011756558217235308,6.570989543845394e-05,7.658493432526064e-06,0.0,39.98980188369751,499.515625,0.00011166164341869234,1.1367909323421062e-05,1.9567411512298007e-05,5.945720727813797e-05,6.483511290475038e-06,1.1259624974186505e-05,6.621952287749755e-05,1.4300549718270487e-05,2.050077083597282e-05,0.0,0.0,0.0
15,2,6.176041645808892e-09,6.814730712354057e-05,3.887964446021468e-05,4.5121418712211064e-06,0.0,42.37704539299011,470.76953125,5.945560083833734e-05,7.079415132701462e-06,1.2216403853888468e-05,3.059586225703792e-05,3.7648171344079828e-06,6.4816382199305484e-06,4.005712108429149e-05,9.184731847427502e-06,1.3561806153714319e-05,0.0,0.0,0.0
16,2,2.019770551945713e-09,3.8730645152313235e-05,2.2651647141918694e-05,2.571100890535973e-06,0.0,44.83724069595337,472.0546875,4.402690766933115e-05,4.3293538656273976e-06,7.955587832529687e-06,2.2960088955824298e-05,2.227009476117182e-06,4.0795437698623095e-06,1.6306952168532174e-05,4.806239058209522e-06,6.362999700806982e-06,0.0,0.0,0.0
17,2,7.180652975353906e-10,2.294267548560022e-05,1.3758379062194691e-05,1.5511107886905002e-06,0.0,47.23560404777527,494.5234375,2.1452263101739977e-05,2.128053850574692e-06,3.718983559282604e-06,1.3322442964994186e-05,1.2444036477749959e-06,2.2273524987913248e-06,1.3251581094830822e-05,2.7568153107230276e-06,4.0031359177945936e-06,0.0,0.0,0.0
18,2,2.4832350110676043e-10,1.3281838567351241e-05,8.42737427507387e-06,9.463763550536918e-07,0.0,49.6452910900116,499.51953125,1.2769764610981449e-05,1.398450049489097e-06,2.4120991879043808e-06,6.7803294669724345e-06,7.041493012245827e-07,1.2325289384613704e-06,7.353660558762076e-06,1.6909664836692107e-06,2.4882557288449987e-06,0.0,0.0,0.0
19,2,8.421964180465305e-11,7.639624358316397e-06,5.059556968942336e-06,5.066209100489953e-07,0.0,52.054641246795654,499.51953125,8.510779147707925e-06,8.929327046747606e-07,1.6192312067949432e-06,4.188993474686653e-06,4.2857668875421264e-07,7.874539580799966e-07,3.144289100531772e-06,8.904229669077808e-07,1.1703682803672364e-06,0.0,0.0,0.0
20,3,3.1524239247881533e-11,4.633596978842392e-06,3.1562047857637737e-06,3.0395663484458115e-07,0.0,54.47561550140381,499.51953125,3.828188431503898e-06,4.383228996435027e-07,7.586770219044812e-07,3.0013265472569883e-06,2.5397308496290145e-07,4.649616914319653e-07,2.568608625574953e-06,5.408429341180343e-07,7.872294077154047e-07,0.0,0.0,0.0
21,3,1.1517074918377934e-11,2.7447228684379106e-06,1.988604541094084e-06,1.7036218181242617e-07,0.0,56.87904691696167,470.7734375,2.6508878421260818e-06,3.0737142545215006e-07,5.330277991778913e-07,1.5748697277453982e-06,1.4799595598472188e-07,2.667349778049811e-07,1.3564399285459494e-06,3.104934206551308e-07,4.552315099098351e-07,0.0,0.0,0.0
22,3,4.1672950712007564e-12,1.6366593572031348e-06,1.216268440247981e-06,9.66038350011116e-08,0.0,59.33728218078613,472.05859375,1.7170963172163933e-06,1.9988296995553994e-07,3.6414257609429955e-07,1.2043186369536658e-06,9.25804478893504e-08,1.8256352867179523e-07,6.732905691864133e-07,1.7749951101622512e-07,2.2806619932617667e-07,0.0,0.0,0.0
23,3,1.5852878126437854e-12,9.916188020185237e-07,7.734449201075133e-07,6.134264166968708e-08,0.0,61.798365354537964,494.5234375,7.813213723784074e-07,8.659236618646491e-08,1.5172404507506996e-07,6.998927313123238e-07,5.152092754085854e-08,9.816338033344891e-08,5.076947300897139e-07,1.084463326800585e-07,1.5569589902203093e-07,0.0,0.0,0.0
24,3,5.92511917304353e-13,5.921647194000835e-07,4.903735750366101e-07,3.723733755234839e-08,0.0,64.18646693229675,499.51953125,5.831322950899942e-07,6.530827231226206e-08,1.1395122398085869e-07,3.63157734446784e-07,2.8682282703141113e-08,5.342287982914246e-08,2.483191359203829e-07,5.9151108931232045e-08,8.511901359208628e-08,0.0,0.0,0.0
25,3,2.1927450644941713e-13,3.563631178129576e-07,3.0312430510395935e-07,1.988693961591339e-08,0.0,66.8131959438324,499.51953125,3.3161168230821936e-07,4.3181106674307294e-08,7.761041654817735e-08,2.603256360425186e-07,1.8502074778189858e-08,3.6926025579439054e-08,1.3444159230324715e-07,3.47732336076398e-08,4.422014067356202e-08,0.0,0.0,0.0
26,3,8.645043818629411e-14,2.2026211575604942e-07,1.9435805005779157e-07,1.264859386239354e-08,0.0,69.22710800170898,499.51953125,1.7128049634163034e-07,1.838333993174816e-08,3.182938180203067e-08,1.535455375276107e-07,1.0713049270892238e-08,2.0820959605122278e-08,9.739750495008082e-08,2.1549954301624614e-08,3.0751954534763665e-08,0.0,0.0,0.0
27,3,3.395315723909708e-14,1.3579084476816618e-07,1.2437895823237903e-07,6.6240822211829805e-09,0.0,71.95566082000732,470.7734375,1.2445513036807299e-07,1.4961540168459753e-08,2.6576379647087436e-08,8.340333836759362e-08,6.209937439209802e-09,1.2050046337643058e-08,4.521046120808947e-08,1.0912613914944676e-08,1.556582060899573e-08,0.0,0.0,0.0
28,3,1.3231730566520589e-14,8.470982594051804e-08,7.772766401260624e-08,3.792914814640845e-09,0.0,74.46801972389221,472.05859375,7.95065490249991e-08,9.971343532023626e-09,1.8288615100713556e-08,6.980739704698174e-08,4.166436579257146e-09,9.016270017042317e-09,2.7818828352010883e-08,7.2974612363646685e-09,9.097372714314337e-09,0.0,0.0,0.0
29,3,5.303221218288489e-15,5.2634683558040026e-08,5.026152802085684e-08,2.5671201845847264e-09,0.0,76.85870885848999,494.5234375,3.782029794896502e-08,3.877926325960993e-09,6.788422329460851e-09,3.647592405897626e-08,2.311944596962987e-09,4.711562417770066e-09,1.9089379632575287e-08,4.425456845508161e-09,6.1408245005795265e-09,0.0,0.0,0.0
30,4,2.1244455859435605e-15,3.2921786485000345e-08,3.222213555947676e-08,1.528247547458225e-09,0.0,79.290452003479,499.51953125,2.878769869707476e-08,3.4124923121973046e-09,6.118116109451534e-09,2.003241555276203e-08,1.2764083251891324e-09,2.62900507464929e-09,8.344577029362199e-09,2.1169330199925056e-09,2.959789343286106e-09,0.0,0.0,0.0
31,4,8.37263024153778e-16,2.0610540076356904e-08,2.0291930407800818e-08,8.40370299113718e-10,0.0,81.71200060844421,499.51953125,1.7729362714047348e-08,2.2172732041849916e-09,4.038102814847446e-09,1.6018608332141193e-08,8.728657483729086e-10,1.9364811196726296e-09,5.448679674113777e-09,1.4939480839548617e-09,1.8641488358060936e-09,0.0,0.0,0.0
32,4,3.4305978202259956e-16,1.3020157230297886e-08,1.3160781943120056e-08,5.736779293003679e-10,0.0,84.13439893722534,499.51953125,8.091297298840061e-09,8.505776294696139e-10,1.4659843640883124e-09,7.937284093872954e-09,4.949992095760181e-10,1.017835953966851e-09,3.645567236976177e-09,8.904596682536316e-10,1.2220708399781892e-09,0.0,0.0,0.0
33,4,1.4122703115048334e-16,8.330929683012292e-09,8.47018884977827e-09,2.802545562161689e-10,0.0,86.48106741905212,470.7734375,6.359477777717615e-09,8.082375975513716e-10,1.4658533029021577e-09,4.555489079710595e-09,2.858707843002659e-10,6.105999242109239e-10,1.5006292319874603e-09,3.8721788393746843e-10,5.392491238082243e-10,0.0,0.0,0.0
34,4,5.745059902830372e-17,5.338733848392416e-09,5.377836749383955e-09,1.6550474708673157e-10,0.0,88.92567038536072,472.05859375,4.4402927307229945e-09,5.190416806974227e-10,9.685114749982167e-10,4.046168287084092e-09,2.02801376819616e-10,4.798125373316483e-10,1.2485308342746748e-09,3.223373318044073e-10,4.0243386782179144e-10,0.0,0.0,0.0
35,4,2.38701219134368e-17,3.4051376551614802e-09,3.501589236925859e-09,1.1845791946154253e-10,0.0,91.25696873664856,494.5234375,1.8374312904523293e-09,1.9332686673264615e-10,3.3492847723184577e-10,1.899298628094126e-09,1.1187071271032849e-10,2.4209423443394163e-10,7.087261888472085e-10,1.8641408347457734e-10,2.4823198480532426e-10,0.0,0.0,0.0
36,4,9.93942330375427e-18,2.199504672434089e-09,2.2576684070560455e-09,6.734881940984103e-11,0.0,93.60557413101196,499.51953125,1.5421762339373757e-09,1.943986378226923e-10,3.528430121429006e-10,1.139044813330825e-09,6.31372486631609e-11,1.4379551550986073e-10,3.076547350211456e-10,7.843071434358082e-11,1.0650701660293837e-10,0.0,0.0,0.0
37,4,4.073244147055192e-18,1.411306988564877e-09,1.4421862945418177e-09,3.9438850374620913e-11,0.0,95.99420261383057,499.51953125,1.0272266509625538e-09,1.178366480950038e-10,2.1927934540483185e-10,9.644749963955146e-10,4.4692249720254576e-11,1.0840136978533494e-10,2.9817304181278814e-10,6.905881980331974e-11,8.752909795011909e-11,0.0,0.0,0.0
38,4,1.711840762075007e-18,9.094322211234374e-10,9.401906565110277e-10,2.8553925594582912e-11,0.0,98.34831142425537,499.51953125,3.908485757264657e-10,4.406727854104322e-11,7.504585880779626e-11,4.155679723949479e-10,2.470090564445708e-11,5.3431936690765834e-11,1.3494666495361685e-10,3.8137028298249134e-11,5.036010319747904e-11,0.0,0.0,0.0
39,4,7.210749557319989e-19,5.929860598952239e-10,6.076720473525999e-10,1.3310573550241565e-11,0.0,100.7621078491211,470.7734375,3.517704877387118e-10,4.680349500402454e-11,8.537692663575012e-11,2.621267855551501e-10,1.4562001530186904e-11,3.39608386143418e-11,6.577549616082479e-11,1.4708019684034168e-11,1.9820574905596903e-11,0.0,0.0,0.0
40,5,3.0080049396875934e-19,3.8508229940033276e-10,3.9043966729292936e-10,8.305592182284727e-12,0.0,103.4305055141449,472.05859375,2.489367184610458e-10,2.758936272897743e-11,5.2576405758551906e-11,2.369198429021807e-10,1.0601260989506865e-11,2.6666996496414584e-11,7.105965815767945e-11,1.5288825964775907e-11,1.96815054282599e-11,0.0,0.0,0.0
41,5,1.2757154904438918e-19,2.500256746611056e-10,2.549938434937134e-10,6.070488856077432e-12,0.0,105.81737160682678,494.5234375,9.203604545149346e-11,1.0495084708929077e-11,1.8060660398110513e-11,9.852585414193982e-11,5.755200983432038e-12,1.2978579028811154e-11,3.021755068388643e-11,8.112838957774876e-12,1.0502557306075597e-11,0.0,0.0,0.0
42,5,5.409477565859132e-20,1.6374977809891844e-10,1.6513746757103313e-10,3.2253116705622393e-12,0.0,108.24069499969482,499.51953125,8.72356492598314e-11,1.1438563717458367e-11,2.0918447454548108e-11,6.685496600766783e-11,3.372260958416113e-12,8.329292880044075e-12,1.4996948127787846e-11,3.272900724039979e-12,4.251584022885484e-12,0.0,0.0,0.0
43,5,2.2710949144419706e-20,1.0652898106833205e-10,1.065753884422766e-10,2.0522951397183107e-12,0.0,110.67422842979431,499.51953125,5.879445541534523e-11,6.331129584702699e-12,1.2077770503048232e-11,5.702853467237645e-11,2.4367378909433856e-12,6.2183781366872055e-12,1.719180353632055e-11,3.4151120205330647e-12,4.5028382030582176e-12,0.0,0.0,0.0
44,5,9.68799061323369e-21,6.953516142668848e-11,6.964580892932317e-11,1.52093299598432e-12,0.0,113.02656412124634,499.51953125,1.965400064918299e-11,2.4767568604416e-12,4.214613134920547e-12,2.1476324191249674e-11,1.3034353346475176e-12,2.927670127052694e-12,7.1432304515894884e-12,1.693763944242892e-12,2.1964422243309385e-12,0.0,0.0,0.0
45,5,4.130030239681715e-21,4.568782362754265e-11,4.5190379950353015e-11,6.946738824821536e-13,0.0,115.36157131195068,470.7734375,2.0434570702221322e-11,2.7674695136909416e-12,5.0729269778656935e-12,1.5680732753931004e-11,7.925232435486157e-13,1.9881697706346067e-12,3.176181539998879e-12,6.668956619544154e-13,8.635152416608528e-13,0.0,0.0,0.0
46,5,1.7513208308749264e-21,2.9900824648060505e-11,2.927535467465083e-11,4.638156037302693e-13,0.0,117.70630431175232,472.05859375,1.394138970933767e-11,1.474549043025278e-12,2.8752287310984397e-12,1.3832653121895189e-11,5.835790621741942e-13,1.511817741210926e-12,4.064970582362548e-12,7.729923777539802e-13,1.0426555974196614e-12,0.0,0.0,0.0
47,5,7.509984766159072e-22,1.9603245410150222e-11,1.9146789154204798e-11,3.342320896576952e-13,0.0,120.05547904968262,494.5234375,4.691219634977983e-12,6.074148356236275e-13,1.0438498147931199e-12,5.016351917186412e-12,3.096997103399908e-13,7.133041395774161e-13,1.617150857669003e-12,3.6333420162639433e-13,4.713532667444002e-13,0.0,0.0,0.0
48,5,3.215319842923428e-22,1.2907736765589278e-11,1.2445664336684104e-11,1.665986230049098e-13,0.0,122.40665912628174,499.51953125,5.109926370927553e-12,6.776548158028353e-13,1.2474037224683823e-12,3.966792470671762e-12,1.895181289598025e-13,4.941887681572024e-13,7.242539901142209e-13,1.5856114487402222e-13,2.0596414015289838e-13,0.0,0.0,0.0
49,5,1.370303715446983e-22,8.463748664695689e-12,8.085915275102896e-12,1.153440480384961e-13,0.0,124.76430606842041,499.51953125,3.3358454887277844e-12,3.3980079536860407e-13,6.650987296965601e-13,3.335099882893766e-12,1.3770660497200528e-13,3.5853742919739017e-13,9.938716516444401e-13,1.7859930907810176e-13,2.4622915122428276e-13,0.0,0.0,0.0
50,6,5.894024575790274e-23,5.563258448227197e-12,5.2899179843098505e-12,8.466944789403777e-14,0.0,127.11622285842896,499.51953125,1.035171948160496e-12,1.4805268883473652e-13,2.52466877491648e-13,1.0936666069299994e-12,7.160462583386822e-14,1.6424157000418815e-13,3.836930773104541e-13,7.727845324694433e-14,1.0155851978103137e-13,0.0,0.0,0.0
51,6,2.531576868320992e-23,3.668366733785973e-12,3.4434423708162455e-12,3.9482002605549035e-14,0.0,129.51645827293396,470.7734375,1.2085055178800985e-12,1.6465076127144052e-13,3.035772562366593e-13,9.572801535837061e-13,4.5303699917816606e-14,1.1916375967377645e-13,2.0272672429655358e-13,3.516241063458951e-14,4.732375609969728e-14,0.0,0.0,0.0
52,6,1.0851059069346624e-23,2.413021825325739e-12,2.2422181826292615e-12,2.902346180238771e-14,0.0,132.14194083213806,472.05859375,7.81763542789804e-13,7.89986948159873e-14,1.5742872771605576e-13,8.031313515708544e-13,3.310400878477949e-14,8.644071852310392e-14,2.3669954885008337e-13,4.121505213911094e-14,5.81430047934699e-14,0.0,0.0,0.0
53,6,4.681026464041951e-24,1.589586879395308e-12,1.4675756077781136e-12,2.1490750357734662e-14,0.0,134.6399166584015,494.5234375,2.412514632510465e-13,3.632752358661327e-14,6.240073290150326e-14,2.560860052659708e-13,1.7188258580941176e-14,3.98102443017831e-14,8.787415239908114e-14,1.664928673874993e-14,2.234570765744699e-14,0.0,0.0,0.0
54,6,2.0172142381198026e-24,1.0496156780416874e-12,9.567364496612542e-13,1.3286550284783886e-14,0.0,137.25144386291504,499.51953125,2.998781778451587e-13,3.981379633943105e-14,7.391164924803477e-14,2.3896900083753003e-13,1.0937546255542081e-14,2.9421852670412226e-14,4.8183679268731794e-14,8.737556867243115e-15,1.1924973111214524e-14,0.0,0.0,0.0
55,6,8.671420777945134e-25,6.910395285312715e-13,6.240726315210562e-13,1.1823636842169328e-14,0.0,139.7103626728058,499.51953125,1.858513343222512e-13,1.8144446004482453e-14,3.602554631495426e-14,1.9099077788048424e-13,7.841528584000398e-15,2.0418002065943032e-14,5.5289106626332796e-14,9.706373037410522e-15,1.388437840264116e-14,0.0,0.0,0.0
56,6,3.7521658620865e-25,4.563321749804468e-13,4.0848864900001284e-13,1.0703080136539302e-14,0.0,142.14246249198914,499.51953125,5.670464098272987e-14,8.716477981324511e-15,1.4838076833489606e-14,6.067975982793072e-14,3.985154029928084e-15,9.201527035281331e-15,2.0483614804334138e-14,3.657903673897002e-15,4.991075234403359e-15,0.0,0.0,0.0
57,6,1.6276203218106437e-25,3.0261116451360457e-13,2.666285212893975e-13,9.886704598290123e-15,0.0,144.54745817184448,470.7734375,7.246286903850319e-14,9.915664006344081e-15,1.8347604246031417e-14,5.811020067914008e-14,2.6753777377909095e-15,7.17418674532294e-15,1.3100631690576847e-14,2.0875995679029465e-15,2.926997392449571e-15,0.0,0.0,0.0
58,6,7.071678464830378e-26,2.00673662728906e-13,1.7422527119777145e-13,9.613563924583777e-15,0.0,146.98181128501892,472.05859375,4.325706459695766e-14,4.2250837087992564e-15,8.441287260542561e-15,4.5542562776557105e-14,1.984601148220497e-15,4.945790008320104e-15,1.3100631690576847e-14,2.2585816274141828e-15,3.2897465556443393e-15,0.0,0.0,0.0
59,6,3.097443352641124e-26,1.3345867349524773e-13,1.1432977216445417e-13,9.587449719508702e-15,0.0,149.42129349708557,494.5234375,1.3711254354120683e-14,2.216771973695161e-15,3.631622622590951e-15,1.4690966542232897e-14,1.0306008923948642e-15,2.281158747046104e-15,5.218048215738236e-15,8.987290289434152e-16,1.2720874327873538e-15,0.0,0.0,0.0
60,7,1.3983159556259124e-26,9.092237125396045e-14,7.500049592991902e-14,9.55026555035579e-15,0.0,151.83815622329712,499.51953125,2.005340338229189e-14,2.9517556378781496e-15,5.225966727522999e-15,1.5252908528232134e-14,6.820363809422459e-16,1.8471847660288554e-15,3.9968028886505635e-15,5.778311404922365e-16,7.859226069188568e-16,0.0,0.0,0.0
61,7,6.722897453264187e-27,6.470896520422845e-14,4.94319514859861e-14,9.598408605037394e-15,0.0,155.02399563789368,499.51953125,9.96425164601078e-15,1.1653685461840793e-15,2.0319323921575182e-15,1.0335455364815505e-14,5.162881265036681e-16,1.1447479677257725e-15,3.3861802251067274e-15,5.662443951822452e-16,8.072170858906483e-16,0.0,0.0,0.0
62,7,3.593743239097001e-27,4.912237581879595e-14,3.303263228594844e-14,9.464704817123928e-15,0.0,161.77111291885376,499.51953125,3.4833247397614286e-15,5.514547033338882e-16,7.934417063104707e-16,3.641807992324497e-15,2.7543793962872056e-16,5.180957236039955e-16,3.1086244689504383e-15,4.720580552494994e-16,6.686633780035976e-16,0.0,0.0,0.0
63,7,2.2299583229718746e-27,4.0277399446374174e-14,2.2835573322461677e-14,9.285796026381819e-15,0.0,164.1525387763977,470.7734375,5.88418203051333e-15,1.1036366945341178e-15,1.7233668474083928e-15,4.495834043591329e-15,2.782631295707054e-16,5.802903615859388e-16,2.609024107869118e-15,4.0506742001553047e-16,5.48099014870891e-16,0.0,0.0,0.0
64,7,1.5687845597357742e-27,3.477161724566553e-14,1.6588126918451666e-14,9.195283529834678e-15,0.0,166.88827562332153,472.05859375,2.6645352591003757e-15,4.620681753663527e-16,6.826736654528796e-16,2.3418766925686896e-15,1.6716327655398165e-16,2.81646761365513e-16,2.5951463200613034e-15,3.924671849122598e-16,5.582098308731491e-16,0.0,0.0,0.0
65,7,1.3181664113486614e-27,3.266649399317616e-14,1.2891045054324134e-14,9.213443381810762e-15,0.0,169.45882773399353,494.5234375,3.6637359812630166e-15,7.627156505793774e-16,1.1928346808856711e-15,2.8257561221489702e-15,1.5989111198753783e-16,3.0904999845876415e-16,2.3869795029440866e-15,3.56433945336488e-16,5.007924364726249e-16,0.0,0.0,0.0
66,7,1.2378486894898315e-27,3.208943724289828e-14,1.0984511949298306e-14,9.351855653272629e-15,0.0,172.4616677761078,499.51953125,3.552713678800501e-15,6.630284336980292e-16,9.867654978956799e-16,1.1054796401205325e-15,1.7096398804947977e-16,2.3830629068689565e-16,2.609024107869118e-15,3.6711225850600094e-16,5.261272707013757e-16,0.0,0.0,0.0
67,7,1.1776278297209054e-27,3.145606944466771e-14,1.006862198789187e-14,9.314847077547129e-15,0.0,178.2551453113556,499.51953125,3.552713678800501e-15,4.509970005486869e-16,6.49719082890692e-16,9.228728892196614e-16,1.1161682976610857e-16,1.6084105823421777e-16,2.1094237467877974e-15,3.069317011652162e-16,4.35659514721893e-16,0.0,0.0,0.0
68,7,1.141283003056133e-27,3.097389044161723e-14,9.659703120414958e-15,9.412292472733275e-15,0.0,180.7612292766571,499.51953125,3.1086244689504383e-15,5.629845047736824e-16,8.214214712621719e-16,1.0200174038743626e-15,1.2479512148234554e-16,1.7970087193525103e-16,2.3869795029440866e-15,4.146371129220165e-16,5.583879404653609e-16,0.0,0.0,0.0
69,7,1.1622198953394518e-27,3.126036255064599e-14,9.973060153518236e-15,9.249199950045857e-15,0.0,183.20283460617065,470.7734375,2.886579864025407e-15,6.226483157639137e-16,9.09523528238975e-16,1.1618310480354666e-15,1.439391392162294e-16,2.0389504175741797e-16,2.1649348980190553e-15,2.7831632710785115e-16,4.1459714637577563e-16,0.0,0.0,0.0
70,8,1.1529381268907095e-27,3.123979592908905e-14,9.72885055142117e-15,9.075392231065991e-15,0.0,186.02534341812134,472.05859375,3.552713678800501e-15,5.844819406876821e-16,8.910875870886665e-16,1.27675647831893e-15,1.6968937663208945e-16,2.444629497469703e-16,3.58046925441613e-15,5.655110851639992e-16,7.494109254826903e-16,0.0,0.0,0.0
71,8,1.1457445241012627e-27,3.113344708014915e-14,9.481471320240018e-15,9.303477769752603e-15,0.0,192.38314390182495,494.52734375,1.9984014443252818e-15,4.097321925119509e-16,5.740329651101015e-16,9.610368056911511e-16,1.120653890531899e-16,1.700071786209932e-16,2.248201624865942e-15,3.7977047596760335e-16,5.293410290969697e-16,0.0,0.0,0.0
72,8,1.1447182379212748e-27,3.111363424780372e-14,9.466566392863402e-15,9.329743969942544e-15,0.0,195.0561408996582,499.5234375,4.218847493575595e-15,6.016434110362014e-16,9.467536039126211e-16,8.881784197001252e-16,1.5677960535515734e-16,2.146355432386549e-16,2.609024107869118e-15,5.369560017403246e-16,7.011506165922581e-16,0.0,0.0,0.0
73,8,1.1629486258472368e-27,3.145964696987252e-14,9.375989008500826e-15,9.237427590552444e-15,0.0,197.7339870929718,499.5234375,1.7763568394002505e-15,4.027262793885843e-16,5.623284542818672e-16,8.81239525796218e-16,1.1747727347154192e-16,1.64850682633425e-16,2.7547408798511697e-15,3.6580164553557985e-16,4.904897797353422e-16,0.0,0.0,0.0
74,8,1.1597326588239805e-27,3.134330344758078e-14,9.377227705258697e-15,9.455029792686013e-15,0.0,200.18430018424988,499.5234375,3.469446951953614e-15,8.595168135932244e-16,1.2874932733834455e-15,2.248201624865942e-15,1.680113403769442e-16,3.2171008473824805e-16,2.4702462297909733e-15,4.1469407080480526e-16,5.71795053494345e-16,0.0,0.0,0.0
75,8,1.179410426198612e-27,3.1680812020160245e-14,9.335769069002272e-15,9.411694418761296e-15,0.0,202.8048017024994,470.77734375,2.886579864025407e-15,3.597304782748167e-16,5.208038057668138e-16,7.216449660063518e-16,1.2452141916552663e-16,1.7102394596938681e-16,2.1649348980190553e-15,3.362843832121809e-16,4.740462994292618e-16,0.0,0.0,0.0
76,8,1.1814102205535968e-27,3.176442115864257e-14,9.275675501090742e-15,9.29481645910462e-15,0.0,205.19301104545593,472.0625,3.3306690738754696e-15,6.07779793924008e-16,9.17443838989829e-16,1.5404344466674047e-15,1.576687291748914e-16,2.356022747503944e-16,2.275957200481571e-15,3.60000419044534e-16,5.008904305842587e-16,0.0,0.0,0.0
77,8,1.1741084736021546e-27,3.163135026315165e-14,9.340529469166512e-15,9.290891419428096e-15,0.0,207.5521535873413,494.52734375,1.9984014443252818e-15,3.868502455290305e-16,5.573016695058694e-16,1.159364488093062e-15,1.2387101837052013e-16,1.851165169316862e-16,1.9984014443252818e-15,3.404652348955606e-16,4.57831670709084e-16,0.0,0.0,0.0
78,8,1.1505421447293435e-27,3.123721386157866e-14,9.431540922551865e-15,9.264159471941916e-15,0.0,209.97051668167114,499.5234375,2.886579864025407e-15,6.596611648939785e-16,9.577447638817522e-16,1.4155343563970746e-15,1.9412334284035845e-16,2.8055319128070573e-16,2.3869795029440866e-15,3.561696277449807e-16,5.019427764408292e-16,0.0,0.0,0.0
79,8,1.1668757139043239e-27,3.1517884857107935e-14,9.399649564354327e-15,9.227417629312317e-15,0.0,212.38467597961426,499.5234375,2.886579864025407e-15,3.6367076310437253e-16,5.020763342080015e-16,9.43689570931383e-16,1.316792191919938e-16,1.849866726401275e-16,2.6367796834847468e-15,3.3985098098317654e-16,4.986805912765221e-16,0.0,0.0,0.0
80,9,1.1665301132716365e-27,3.1620291572854873e-14,9.065759148918021e-15,9.192349273884714e-15,0.0,214.91701579093933,499.5234375,3.4416913763379853e-15,8.471718678031093e-16,1.2674339722721583e-15,2.0712598303163077e-15,1.5313793358354785e-16,2.8077995253972975e-16,2.4424906541753444e-15,3.322259399245343e-16,4.666175131731737e-16,0.0,0.0,0.0
81,9,1.1804477515084728e-27,3.1752688048572134e-14,9.184656164791831e-15,9.373187522560744e-15,0.0,217.32600235939026,470.77734375,4.440892098500626e-15,4.372008416467651e-16,6.910178793897128e-16,9.992007221626409e-16,1.5379828292171645e-16,2.075610967520287e-16,2.6645352591003757e-15,4.2200902381696754e-16,5.724701465978151e-16,0.0,0.0,0.0
82,9,1.2012909177695106e-27,3.2041737787760455e-14,9.341259122901036e-15,9.346594850999626e-15,0.0,219.7438883781433,472.0625,4.6629367034256575e-15,7.722531281441597e-16,1.0888326137310195e-15,2.2724877535296173e-15,1.8900728713837887e-16,3.233853926220607e-16,2.463307335887066e-15,3.473355794744692e-16,4.920760658193145e-16,0.0,0.0,0.0
83,9,1.217664614734967e-27,3.2170862307495525e-14,9.693074012605222e-15,9.420432543853176e-15,0.0,222.16081500053406,494.52734375,2.6645352591003757e-15,4.3587873879511937e-16,6.149109048854244e-16,9.107298248878237e-16,1.741223685248537e-16,2.4034256888338327e-16,2.220446049250313e-15,3.812784374042975e-16,5.027409774040973e-16,0.0,0.0,0.0
84,9,1.235037675321165e-27,3.2500743059947805e-14,9.466659066967922e-15,9.440431239207954e-15,0.0,224.62661719322205,499.5234375,2.4424906541753444e-15,5.433773847102456e-16,7.599104409296579e-16,1.2975731600306517e-15,1.3599142457623125e-16,2.0050026132476013e-16,2.886579864025407e-15,5.725639010424517e-16,7.478854647373721e-16,0.0,0.0,0.0
85,9,1.2295545921542786e-27,3.2427265317846593e-14,9.467793611170385e-15,9.401486068518288e-15,0.0,227.20285844802856,499.5234375,2.6645352591003757e-15,5.310710537870481e-16,7.56519169293678e-16,9.43689570931383e-16,1.4351961829757635e-16,1.9542995223498599e-16,1.9984014443252818e-15,3.1658468121676e-16,4.466947893005533e-16,0.0,0.0,0.0
86,9,1.2336457334571863e-27,3.24319274682982e-14,9.656294397385803e-15,9.411258824368114e-15,0.0,230.15284252166748,499.5234375,3.552713678800501e-15,9.474466031583055e-16,1.3552398037394087e-15,2.6067472833068983e-15,2.0111693852411285e-16,3.688357281927463e-16,2.886579864025407e-15,4.237383203718831e-16,5.894650058941854e-16,0.0,0.0,0.0
87,9,1.216898473138397e-27,3.2199715378614977e-14,9.738855265936553e-15,9.232090813229833e-15,0.0,232.68282675743103,470.77734375,2.4424906541753444e-15,3.7326074467167273e-16,5.238602895674892e-16,1.27675647831893e-15,2.0300820472285645e-16,2.7643598168164654e-16,2.7200464103316335e-15,3.2041258114604814e-16,4.66637277280265e-16,0.0,0.0,0.0
88,9,1.1525492879621291e-27,3.116721890966535e-14,9.828026461782335e-15,9.195849567366464e-15,0.0,235.30061721801758,472.0625,2.525757381022231e-15,7.083145464208191e-16,9.561054689213225e-16,2.2863655413374318e-15,1.5099234910938347e-16,2.787840379283674e-16,2.789435349370706e-15,3.9459529193929345e-16,5.543913957846191e-16,0.0,0.0,0.0
89,9,1.2122597304412745e-27,3.2137626229952267e-14,9.68648203249025e-15,9.252284938295084e-15,0.0,237.73496794700623,494.52734375,2.3869795029440866e-15,5.154496620200715e-16,7.506807011613721e-16,1.4710455076283324e-15,1.6586024007768343e-16,2.528265996821258e-16,2.3245294578089215e-15,3.110229075839228e-16,4.486005251151362e-16,0.0,0.0,0.0
90,10,1.1919251818518443e-27,3.1832846965256995e-14,9.64800762202248e-15,9.247214978779772e-15,0.0,240.2521984577179,499.5234375,3.774758283725532e-15,6.144884083694772e-16,8.970000372925406e-16,1.0547118733938987e-15,1.700370381647109e-16,2.3206569056868596e-16,2.942091015256665e-15,5.605582064903161e-16,7.408766464687454e-16,0.0,0.0,0.0
91,10,1.1690690524278629e-27,3.1381124137060235e-14,9.659946920606975e-15,9.538318814829693e-15,0.0,243.04521942138672,499.5234375,1.9984014443252818e-15,4.1464489679300947e-16,5.84650152600629e-16,1.115427195053087e-15,1.2979945774903102e-16,1.8849620670763495e-16,2.3314683517128287e-15,3.4455147475144637e-16,4.765358975671043e-16,0.0,0.0,0.0
92,10,1.1985683366461996e-27,3.18630895544646e-14,9.742566069593337e-15,9.401822539804563e-15,0.0,245.6650607585907,499.5234375,2.942091015256665e-15,7.220282845107212e-16,1.0461138173825264e-15,2.1371793224034263e-15,1.487736519188161e-16,2.8396086028583027e-16,2.3314683517128287e-15,3.3896551813249465e-16,4.652701397378279e-16,0.0,0.0,0.0
93,10,1.1679080781502676e-27,3.142500519383996e-14,9.53291600230603e-15,9.460477747470106e-15,0.0,248.0991132259369,470.77734375,2.6645352591003757e-15,5.226775641477105e-16,7.439951015470564e-16,9.992007221626409e-16,1.9288661001995747e-16,2.510734651428261e-16,2.4702462297909733e-15,4.142051492865766e-16,5.767316344480205e-16,0.0,0.0,0.0
94,10,1.1633764972106512e-27,3.1352027543906526e-14,9.619340797484605e-15,9.375241261889002e-15,0.0,250.46644401550293,472.0625,4.884981308350689e-15,4.676807660108537e-16,7.656336788556219e-16,1.5334955527634975e-15,1.5549421272778227e-16,2.3454852472232866e-16,2.886579864025407e-15,4.804680005435072e-16,6.317450314813175e-16,0.0,0.0,0.0
95,10,1.1581043667808502e-27,3.129515306204396e-14,9.518211212656227e-15,9.387300832260361e-15,0.0,252.87708854675293,494.52734375,2.4424906541753444e-15,4.964534229822825e-16,7.248267304038635e-16,1.016547956922409e-15,1.3803555930437783e-16,1.9819137871920925e-16,2.0539125955565396e-15,3.18896056079048e-16,4.5336856032107425e-16,0.0,0.0,0.0
96,10,1.1936345998066586e-27,3.1839058978337254e-14,9.664480983371675e-15,9.30089944589595e-15,0.0,255.29306721687317,499.5234375,3.1225022567582528e-15,7.706054031939388e-16,1.1193736134586954e-15,1.6896206656014101e-15,1.6703596878396508e-16,2.788053288054622e-16,2.4980018054066022e-15,3.421617312826048e-16,4.889274712614267e-16,0.0,0.0,0.0
97,10,1.2214908447488805e-27,3.232090485906006e-14,9.515765279537116e-15,9.289788209922984e-15,0.0,257.7114953994751,500.390625,4.218847493575595e-15,4.58996952071946e-16,7.285867290305759e-16,8.049116928532385e-16,2.059127863176684e-16,2.785367686830937e-16,1.9984014443252818e-15,2.92988387438197e-16,4.184929428040644e-16,0.0,0.0,0.0
98,10,1.2000636920089484e-27,3.202564755635676e-14,9.523239521001131e-15,9.150382485481742e-15,0.0,260.20538115501404,500.390625,2.3592239273284576e-15,3.6214012960903056e-16,5.602584173554017e-16,1.8006429680639258e-15,1.8087172291184232e-16,2.769418773627948e-16,2.1649348980190553e-15,3.256547335597255e-16,4.429281202206111e-16,0.0,0.0,0.0
99,10,1.1612312768566223e-27,3.142758685589333e-14,9.235435707703536e-15,9.393869733010859e-15,0.0,262.55595302581787,471.64453125,4.385380947269368e-15,8.940002068261206e-16,1.4343655581275433e-15,1.835337437583462e-15,2.0284200580653414e-16,3.2278353489545837e-16,2.942091015256665e-15,5.727628515280936e-16,8.095684814980821e-16,0.0,0.0,0.0
100,11,1.1249351165997655e-27,3.0881116180116405e-14,9.17069234039349e-15,9.337568316631826e-15,0.0,264.9397006034851,472.9296875,0.0,0.0,0.0,0.0,0.0,0.0,0.0,0.0,0.0,0.0,0.0,0.0
